https://cdn.myportfolio.com/fc79503a-6000-4099-bde5-4ff74e4e5ac5/9fc7d61b-fc7e-4b2a-8b70-273f3a86e893_rw_1920.jpg?h=ff77060016b432596b99440e08e1d94a	/Users/aseveryn/projects/kurdiani_ge/content/projects/two-vllas-in-krtsanisi-tbilisi-georgia/images/01.jpg
https://cdn.myportfolio.com/fc79503a-6000-4099-bde5-4ff74e4e5ac5/7ef0553b-eea3-4d23-b4fa-5cce03b0328a_rw_1920.jpg?h=36609a04f9450c168fb658d7479a9623	/Users/aseveryn/projects/kurdiani_ge/content/projects/two-vllas-in-krtsanisi-tbilisi-georgia/images/02.jpg
https://cdn.myportfolio.com/fc79503a-6000-4099-bde5-4ff74e4e5ac5/518b4e1e-1c9a-4dbc-944a-b64b40ab91a2_rw_1920.jpeg?h=7d2aa80cce4ac8372c6146aba398652e	/Users/aseveryn/projects/kurdiani_ge/content/projects/two-vllas-in-krtsanisi-tbilisi-georgia/images/03.jpeg
https://cdn.myportfolio.com/fc79503a-6000-4099-bde5-4ff74e4e5ac5/c69dd07a-096f-4049-8fa9-6f33a54f0b4b_rw_1920.jpg?h=45de8103f1f2f21a2266763b1e4a7279	/Users/aseveryn/projects/kurdiani_ge/content/projects/two-vllas-in-krtsanisi-tbilisi-georgia/images/04.jpg
https://cdn.myportfolio.com/fc79503a-6000-4099-bde5-4ff74e4e5ac5/5cfa922a-a19a-4804-a32a-463e423c4ba4_rw_1920.jpeg?h=fa5407f36cce069ed5c50f5f3bc297c9	/Users/aseveryn/projects/kurdiani_ge/content/projects/two-vllas-in-krtsanisi-tbilisi-georgia/images/05.jpeg
https://cdn.myportfolio.com/fc79503a-6000-4099-bde5-4ff74e4e5ac5/069f4e16-4547-4cbf-8dc5-8fbb66a08cb3_rw_1200.jpeg?h=e9b165b2ff9108adf554d63b2ffc785c	/Users/aseveryn/projects/kurdiani_ge/content/projects/two-vllas-in-krtsanisi-tbilisi-georgia/images/06.jpeg
https://cdn.myportfolio.com/fc79503a-6000-4099-bde5-4ff74e4e5ac5/5fabedf3-ad8a-4198-8be0-0e2c9a714cb3_rw_1200.jpg?h=df2fe24b65c521a133e15ac4ad5f258f	/Users/aseveryn/projects/kurdiani_ge/content/projects/two-vllas-in-krtsanisi-tbilisi-georgia/images/07.jpg
https://cdn.myportfolio.com/fc79503a-6000-4099-bde5-4ff74e4e5ac5/9485bf4d-98f6-47bf-b544-40ff437e0d21_rw_1920.jpeg?h=69a0b1ef6bbf493cfff92ca17c0104b0	/Users/aseveryn/projects/kurdiani_ge/content/projects/two-vllas-in-krtsanisi-tbilisi-georgia/images/08.jpeg
https://cdn.myportfolio.com/fc79503a-6000-4099-bde5-4ff74e4e5ac5/5fc55909-d6aa-45fa-a18c-f2b8d09f3062_rw_1200.jpeg?h=33b6c862ceeb4e13c00f8292d15d8c3b	/Users/aseveryn/projects/kurdiani_ge/content/projects/two-vllas-in-krtsanisi-tbilisi-georgia/images/09.jpeg
https://cdn.myportfolio.com/fc79503a-6000-4099-bde5-4ff74e4e5ac5/50731557-a753-499a-a9b6-afa0257679bc_rw_1200.jpeg?h=7cc2cc7a0bf15d388acce525bb9b3a5b	/Users/aseveryn/projects/kurdiani_ge/content/projects/two-vllas-in-krtsanisi-tbilisi-georgia/images/10.jpeg
https://cdn.myportfolio.com/fc79503a-6000-4099-bde5-4ff74e4e5ac5/e110ce3b-7b65-40e0-a082-919d3efc2118_rwc_0x343x900x703x900.jpg?h=0a36dbde4f4105726986be9976d39579	/Users/aseveryn/projects/kurdiani_ge/content/projects/two-vllas-in-krtsanisi-tbilisi-georgia/cover.jpg
https://cdn.myportfolio.com/fc79503a-6000-4099-bde5-4ff74e4e5ac5/e01e670a-cd77-45d9-ac99-859ff48afa20_rw_1920.jpg?h=14e510a950a6e55ad871207dbca236e4	/Users/aseveryn/projects/kurdiani_ge/content/projects/allergy-immunology-polyclinic-tbilisi-georgia/images/01.jpg
https://cdn.myportfolio.com/fc79503a-6000-4099-bde5-4ff74e4e5ac5/47b2fe14-ac37-4596-b7c3-472a2b8000b1_rw_1920.jpg?h=b1f4a4cd27e44c0ef0607885a49fa6b9	/Users/aseveryn/projects/kurdiani_ge/content/projects/allergy-immunology-polyclinic-tbilisi-georgia/images/02.jpg
https://cdn.myportfolio.com/fc79503a-6000-4099-bde5-4ff74e4e5ac5/870ff3a5-1230-4963-ab80-09295515a814_rw_1920.jpg?h=a999e4610e310eceed15cdc408f6cc6b	/Users/aseveryn/projects/kurdiani_ge/content/projects/allergy-immunology-polyclinic-tbilisi-georgia/images/03.jpg
https://cdn.myportfolio.com/fc79503a-6000-4099-bde5-4ff74e4e5ac5/2957a914-24b0-40b3-997d-3870c9afc1f6_rw_1920.jpg?h=a555aba20c8f4884364dee4a4b3b8b6f	/Users/aseveryn/projects/kurdiani_ge/content/projects/allergy-immunology-polyclinic-tbilisi-georgia/images/04.jpg
https://cdn.myportfolio.com/fc79503a-6000-4099-bde5-4ff74e4e5ac5/52c45b04-a820-45eb-a890-d8c7eee30add_rw_1920.jpg?h=fb5226b4ed713e928e4d42447770a674	/Users/aseveryn/projects/kurdiani_ge/content/projects/allergy-immunology-polyclinic-tbilisi-georgia/images/05.jpg
https://cdn.myportfolio.com/fc79503a-6000-4099-bde5-4ff74e4e5ac5/d0ffec78-cfa8-4e2a-98d8-11fdef83740e_carw_202x158x1280.jpg?h=a9fef42aa384b563ff4a135bc7080552	/Users/aseveryn/projects/kurdiani_ge/content/projects/allergy-immunology-polyclinic-tbilisi-georgia/cover.jpg
https://cdn.myportfolio.com/fc79503a-6000-4099-bde5-4ff74e4e5ac5/cf770852-38e5-44fc-97af-6e8fdcdc7381_rw_1200.jpg?h=33a184daf67cc0eead2b577619ab03f8	/Users/aseveryn/projects/kurdiani_ge/content/projects/hotel-wave-project/images/01.jpg
https://cdn.myportfolio.com/fc79503a-6000-4099-bde5-4ff74e4e5ac5/5eb8a788-f719-460d-8c26-8dda483060fa_rw_1200.jpg?h=062327fcec3d6e988ae1285857e532d7	/Users/aseveryn/projects/kurdiani_ge/content/projects/hotel-wave-project/images/02.jpg
https://cdn.myportfolio.com/fc79503a-6000-4099-bde5-4ff74e4e5ac5/6a03bb13-dd77-4cef-b1c9-d27648a36f20_rw_1200.jpg?h=d00300ba7ad4427afffe7afd5aee2b3e	/Users/aseveryn/projects/kurdiani_ge/content/projects/hotel-wave-project/images/03.jpg
https://cdn.myportfolio.com/fc79503a-6000-4099-bde5-4ff74e4e5ac5/ea6c9f49-d777-4ca4-a9a1-3f777f6b6007_rw_1200.jpg?h=a0e89e8ec59eff3def600c2f7bb86745	/Users/aseveryn/projects/kurdiani_ge/content/projects/hotel-wave-project/images/04.jpg
https://cdn.myportfolio.com/fc79503a-6000-4099-bde5-4ff74e4e5ac5/6e9028b0-9fb1-4cd6-8012-67571738dc78_rw_1200.jpg?h=a45b799e128755c0c22a3909393d66cc	/Users/aseveryn/projects/kurdiani_ge/content/projects/hotel-wave-project/images/05.jpg
https://cdn.myportfolio.com/fc79503a-6000-4099-bde5-4ff74e4e5ac5/c7096093-3b35-4c7f-b9c4-956d0f6da2e4_carw_202x158x1280.jpg?h=b41c2d5b4eb2951d0929c2742613307b	/Users/aseveryn/projects/kurdiani_ge/content/projects/hotel-wave-project/cover.jpg
https://cdn.myportfolio.com/fc79503a-6000-4099-bde5-4ff74e4e5ac5/14dbcbc7-07ed-4f69-9d3e-2e3c78904437_rw_1200.jpg?h=c90a9d00938e0f96123e1988d94d2d74	/Users/aseveryn/projects/kurdiani_ge/content/projects/villa-in-tabakhmela-georgia/images/01.jpg
https://cdn.myportfolio.com/fc79503a-6000-4099-bde5-4ff74e4e5ac5/3c1d6ce4-f43d-4b2e-8605-9252a922bca8_rw_1200.jpg?h=960b39c0bb54d0a4005daf1ebcc2f1f7	/Users/aseveryn/projects/kurdiani_ge/content/projects/villa-in-tabakhmela-georgia/images/02.jpg
https://cdn.myportfolio.com/fc79503a-6000-4099-bde5-4ff74e4e5ac5/2935a5cb-554f-4c07-9943-47c91b173e22_rw_1200.jpg?h=edf2ca3c89956f44605a0f3f721c3bfa	/Users/aseveryn/projects/kurdiani_ge/content/projects/villa-in-tabakhmela-georgia/images/03.jpg
https://cdn.myportfolio.com/fc79503a-6000-4099-bde5-4ff74e4e5ac5/f0d9d50b-105b-4100-bd27-670168473295_rw_1200.jpg?h=abcbdb1f8ed5f6fdae1620bcbdfdeeb5	/Users/aseveryn/projects/kurdiani_ge/content/projects/villa-in-tabakhmela-georgia/images/04.jpg
https://cdn.myportfolio.com/fc79503a-6000-4099-bde5-4ff74e4e5ac5/0d79cbdd-25eb-4940-b838-025b559b5a5c_rw_1200.jpg?h=e472c871d675e6d6f1d4592c64dabe91	/Users/aseveryn/projects/kurdiani_ge/content/projects/villa-in-tabakhmela-georgia/images/05.jpg
https://cdn.myportfolio.com/fc79503a-6000-4099-bde5-4ff74e4e5ac5/40cc955c-4577-43d9-b489-bfdf7f1b9076_rw_600.jpg?h=3d0e6f429d2dcd57534bc5cff820d989	/Users/aseveryn/projects/kurdiani_ge/content/projects/villa-in-tabakhmela-georgia/images/06.jpg
https://cdn.myportfolio.com/fc79503a-6000-4099-bde5-4ff74e4e5ac5/42b9aad9-b72b-4f8a-be3a-4cd8baa0b5a4_rw_600.jpg?h=afe48077a0cdbfcd6bca777289e46268	/Users/aseveryn/projects/kurdiani_ge/content/projects/villa-in-tabakhmela-georgia/images/07.jpg
https://cdn.myportfolio.com/fc79503a-6000-4099-bde5-4ff74e4e5ac5/75ccf91e-2c4c-4f6e-b664-5cd1f1a58f46_carw_202x158x1280.jpg?h=f6ed12ada9aa4e071ffb54322e12ee52	/Users/aseveryn/projects/kurdiani_ge/content/projects/villa-in-tabakhmela-georgia/cover.jpg
https://cdn.myportfolio.com/fc79503a-6000-4099-bde5-4ff74e4e5ac5/ed408bfc-0d8e-4399-868d-d41186a16f59_rw_1920.jpg?h=4188129a6f406234aece4f5790125769	/Users/aseveryn/projects/kurdiani_ge/content/projects/hotel-tornado-project/images/01.jpg
https://cdn.myportfolio.com/fc79503a-6000-4099-bde5-4ff74e4e5ac5/33b363bd-7842-4598-b71c-6cc5860ba83f_rw_1920.jpg?h=881f17539d8755d57fab00a4607f764b	/Users/aseveryn/projects/kurdiani_ge/content/projects/hotel-tornado-project/images/02.jpg
https://cdn.myportfolio.com/fc79503a-6000-4099-bde5-4ff74e4e5ac5/39fb4c23-ac7f-450e-b300-73ff528aa9ad_rw_1920.jpg?h=1841fea13925ec4b64fdc4facc36981e	/Users/aseveryn/projects/kurdiani_ge/content/projects/hotel-tornado-project/images/03.jpg
https://cdn.myportfolio.com/fc79503a-6000-4099-bde5-4ff74e4e5ac5/6843aa80-39ae-479c-ae59-d13dfed152ec_rw_1920.jpg?h=efb4c11796b2cda1f23a45bf81d425ea	/Users/aseveryn/projects/kurdiani_ge/content/projects/hotel-tornado-project/images/04.jpg
https://cdn.myportfolio.com/fc79503a-6000-4099-bde5-4ff74e4e5ac5/4e88a6c3-5426-47b2-9967-d664bbfc3674_rw_1920.jpg?h=d7d0e97b2d3e5993c53dec86b90d4233	/Users/aseveryn/projects/kurdiani_ge/content/projects/hotel-tornado-project/images/05.jpg
https://cdn.myportfolio.com/fc79503a-6000-4099-bde5-4ff74e4e5ac5/8c509671-2c5f-42cb-90d2-03f254069a75_rw_1920.jpg?h=e2aacd51f35fbbc6fe26d31e36a96873	/Users/aseveryn/projects/kurdiani_ge/content/projects/hotel-tornado-project/images/06.jpg
https://cdn.myportfolio.com/fc79503a-6000-4099-bde5-4ff74e4e5ac5/e3449f85-7202-4a82-83d0-d883f2f1cea6_rw_1920.jpg?h=4c9235915bb0a207ac6e06831c618e94	/Users/aseveryn/projects/kurdiani_ge/content/projects/hotel-tornado-project/images/07.jpg
https://cdn.myportfolio.com/fc79503a-6000-4099-bde5-4ff74e4e5ac5/360863af-ed5f-485e-a7de-62750c4c89df_rw_1920.jpg?h=e1dda44391e7f5d00bb3402345e38488	/Users/aseveryn/projects/kurdiani_ge/content/projects/hotel-tornado-project/images/08.jpg
https://cdn.myportfolio.com/fc79503a-6000-4099-bde5-4ff74e4e5ac5/660bd6d4-45e7-4879-b3fa-6c18701226a3_rw_1920.jpg?h=b9768a618b80a9ee4a94ea2f4409ac4e	/Users/aseveryn/projects/kurdiani_ge/content/projects/hotel-tornado-project/images/09.jpg
https://cdn.myportfolio.com/fc79503a-6000-4099-bde5-4ff74e4e5ac5/299d3e46-ee0d-4cd9-86e4-f2ec06c846c2_carw_202x158x1280.jpg?h=0520cf31c21409d016c923bb5cc4870b	/Users/aseveryn/projects/kurdiani_ge/content/projects/hotel-tornado-project/cover.jpg
https://cdn.myportfolio.com/fc79503a-6000-4099-bde5-4ff74e4e5ac5/20a9a24b-2d8f-4620-9f5b-6c584f6e493f_rw_1200.jpg?h=6171af45a9efb00b33109ebdaafbbb5a	/Users/aseveryn/projects/kurdiani_ge/content/projects/condominium-on-aleksidze-str-tbilisi-georgia/images/01.jpg
https://cdn.myportfolio.com/fc79503a-6000-4099-bde5-4ff74e4e5ac5/1268053a-3286-41de-b53a-7040e2173b11_rw_1920.jpg?h=f11f48b7de84c83cbfe4ec794aade375	/Users/aseveryn/projects/kurdiani_ge/content/projects/condominium-on-aleksidze-str-tbilisi-georgia/images/02.jpg
https://cdn.myportfolio.com/fc79503a-6000-4099-bde5-4ff74e4e5ac5/eac97cdf-9fd9-4ead-83a9-cbc6a9e28184_rw_1920.jpg?h=4636d65b5789b7ce99d207e327ce45e8	/Users/aseveryn/projects/kurdiani_ge/content/projects/condominium-on-aleksidze-str-tbilisi-georgia/images/03.jpg
https://cdn.myportfolio.com/fc79503a-6000-4099-bde5-4ff74e4e5ac5/b4d12ae6-dc78-4f74-993b-69e3a7e03922_rw_1920.jpg?h=4c241db72df7b52c8a7bd01db96b59d1	/Users/aseveryn/projects/kurdiani_ge/content/projects/condominium-on-aleksidze-str-tbilisi-georgia/images/04.jpg
https://cdn.myportfolio.com/fc79503a-6000-4099-bde5-4ff74e4e5ac5/fb968107-a615-4a79-926d-4bd7cb0f7734_rw_1200.jpg?h=0904289882c3922d5cb40948af2867a6	/Users/aseveryn/projects/kurdiani_ge/content/projects/condominium-on-aleksidze-str-tbilisi-georgia/images/05.jpg
https://cdn.myportfolio.com/fc79503a-6000-4099-bde5-4ff74e4e5ac5/aece8a12-1b98-4fda-8bfc-0a1abdd751d3_rw_1920.jpg?h=2da7b38b5d9098beb485815a9f4366f7	/Users/aseveryn/projects/kurdiani_ge/content/projects/condominium-on-aleksidze-str-tbilisi-georgia/images/06.jpg
https://cdn.myportfolio.com/fc79503a-6000-4099-bde5-4ff74e4e5ac5/eec24c22-a187-4dd9-81cf-88a15a0a1479_rw_1200.jpg?h=5f6fc912b63450f2b9c9bcde0703595f	/Users/aseveryn/projects/kurdiani_ge/content/projects/condominium-on-aleksidze-str-tbilisi-georgia/images/07.jpg
https://cdn.myportfolio.com/fc79503a-6000-4099-bde5-4ff74e4e5ac5/525814fc-9a53-45d0-8f4a-411f90fed10e_rw_1920.jpg?h=4fdafe0eb7e12d829604480d90d77c8c	/Users/aseveryn/projects/kurdiani_ge/content/projects/condominium-on-aleksidze-str-tbilisi-georgia/images/08.jpg
https://cdn.myportfolio.com/fc79503a-6000-4099-bde5-4ff74e4e5ac5/f4069b5f-6c32-405f-be22-ce0bf4e0c766_rw_1200.jpg?h=344929d4915956a771473589493443e2	/Users/aseveryn/projects/kurdiani_ge/content/projects/condominium-on-aleksidze-str-tbilisi-georgia/images/09.jpg
https://cdn.myportfolio.com/fc79503a-6000-4099-bde5-4ff74e4e5ac5/47e6bffb-afe0-42c3-9c3d-de131e699404_rwc_0x53x845x660x845.jpg?h=1f8783d41739ae88823170ba0fdcd616	/Users/aseveryn/projects/kurdiani_ge/content/projects/condominium-on-aleksidze-str-tbilisi-georgia/cover.jpg
https://cdn.myportfolio.com/fc79503a-6000-4099-bde5-4ff74e4e5ac5/31a18be3-df49-4430-a43c-fa1c60e15d08_rw_1200.jpg?h=b75896f2e2c199cdaba19ec06d703edb	/Users/aseveryn/projects/kurdiani_ge/content/projects/iraki-embassy-tbilisi-project/images/01.jpg
https://cdn.myportfolio.com/fc79503a-6000-4099-bde5-4ff74e4e5ac5/0e7733b1-ab50-4795-81fb-b2f40abaa127_rw_1200.jpg?h=b699cd1df501249cbdd0f54c951b9128	/Users/aseveryn/projects/kurdiani_ge/content/projects/iraki-embassy-tbilisi-project/images/02.jpg
https://cdn.myportfolio.com/fc79503a-6000-4099-bde5-4ff74e4e5ac5/56d480a8-e52f-4c07-afb9-dfe0e1841010_rw_1200.jpg?h=780effa82f9c3cf54b4fadf55d4c9f0f	/Users/aseveryn/projects/kurdiani_ge/content/projects/iraki-embassy-tbilisi-project/images/03.jpg
https://cdn.myportfolio.com/fc79503a-6000-4099-bde5-4ff74e4e5ac5/51dafdbd-8a79-439d-b0d5-f1fcd529e2b7_rw_1200.jpg?h=8588a4f19ab239d2ba5fe7e879db18bb	/Users/aseveryn/projects/kurdiani_ge/content/projects/iraki-embassy-tbilisi-project/images/04.jpg
https://cdn.myportfolio.com/fc79503a-6000-4099-bde5-4ff74e4e5ac5/59db6d5f-ddf7-4150-b78f-4245f5ad5440_rw_1200.jpg?h=e3845e3bf8097de7e9768f554e1c71cf	/Users/aseveryn/projects/kurdiani_ge/content/projects/iraki-embassy-tbilisi-project/images/05.jpg
https://cdn.myportfolio.com/fc79503a-6000-4099-bde5-4ff74e4e5ac5/db27b43a-e2fd-4125-9051-ea356f110867_rw_1200.jpg?h=ba215f1d2d9eb60080b5c12e0ff01977	/Users/aseveryn/projects/kurdiani_ge/content/projects/iraki-embassy-tbilisi-project/images/06.jpg
https://cdn.myportfolio.com/fc79503a-6000-4099-bde5-4ff74e4e5ac5/c8339094-641d-479a-b96c-2335594976d6_rw_1200.jpg?h=fb354eea8dfb7cb23ca57c7593264836	/Users/aseveryn/projects/kurdiani_ge/content/projects/iraki-embassy-tbilisi-project/images/07.jpg
https://cdn.myportfolio.com/fc79503a-6000-4099-bde5-4ff74e4e5ac5/26eb97f0-88c4-4279-858f-2f214bdf4d82_carw_202x158x1280.jpg?h=25389af5967d48d7fd8f692f33310302	/Users/aseveryn/projects/kurdiani_ge/content/projects/iraki-embassy-tbilisi-project/cover.jpg
https://cdn.myportfolio.com/fc79503a-6000-4099-bde5-4ff74e4e5ac5/b3547235-9dde-45fb-ab02-24b818159c3d_rw_1200.jpg?h=855afce429bf4fb276d11c1082ba8e4a	/Users/aseveryn/projects/kurdiani_ge/content/projects/cafe-project-at-eliava-str-in-tbilisi-georgia/images/01.jpg
https://cdn.myportfolio.com/fc79503a-6000-4099-bde5-4ff74e4e5ac5/1e62ea21-2966-4a3f-b959-d650cc90b851_rw_1200.jpg?h=23c5cd30377269b9faed329c607edbff	/Users/aseveryn/projects/kurdiani_ge/content/projects/cafe-project-at-eliava-str-in-tbilisi-georgia/images/02.jpg
https://cdn.myportfolio.com/fc79503a-6000-4099-bde5-4ff74e4e5ac5/d3735623-6231-4ada-8d64-f987e3d55604_rw_1200.jpg?h=37c05cf4134ccd3c85571e108a0abe86	/Users/aseveryn/projects/kurdiani_ge/content/projects/cafe-project-at-eliava-str-in-tbilisi-georgia/images/03.jpg
https://cdn.myportfolio.com/fc79503a-6000-4099-bde5-4ff74e4e5ac5/2f587465-39b6-4083-8c01-179d88d9c902_rw_1200.jpg?h=56e248b2bec7eb147e6dd32a6d685cda	/Users/aseveryn/projects/kurdiani_ge/content/projects/cafe-project-at-eliava-str-in-tbilisi-georgia/images/04.jpg
https://cdn.myportfolio.com/fc79503a-6000-4099-bde5-4ff74e4e5ac5/39b0a580-4e02-4d16-8223-4cc74d086b42_rw_1200.jpg?h=61c30dbfde131a4fbef8190c605ffcb3	/Users/aseveryn/projects/kurdiani_ge/content/projects/cafe-project-at-eliava-str-in-tbilisi-georgia/images/05.jpg
https://cdn.myportfolio.com/fc79503a-6000-4099-bde5-4ff74e4e5ac5/e8453bc8-78b1-4783-b464-ed292a1bf335_rw_1200.jpg?h=9ddfa49750e5e664a41161110e43376f	/Users/aseveryn/projects/kurdiani_ge/content/projects/cafe-project-at-eliava-str-in-tbilisi-georgia/images/06.jpg
https://cdn.myportfolio.com/fc79503a-6000-4099-bde5-4ff74e4e5ac5/1590f69c-a2ba-4869-9bd7-2c8dd329a58d_rw_1200.jpg?h=3ae9eec0b771bb4fc0bb085f59ebebf5	/Users/aseveryn/projects/kurdiani_ge/content/projects/cafe-project-at-eliava-str-in-tbilisi-georgia/images/07.jpg
https://cdn.myportfolio.com/fc79503a-6000-4099-bde5-4ff74e4e5ac5/c61409eb-c4a2-4ac5-850e-c840574ed78a_rw_1200.jpg?h=f538babcd4a89a127c9dae9462faddd5	/Users/aseveryn/projects/kurdiani_ge/content/projects/cafe-project-at-eliava-str-in-tbilisi-georgia/images/08.jpg
https://cdn.myportfolio.com/fc79503a-6000-4099-bde5-4ff74e4e5ac5/9c03ae6e-5167-4b65-8843-e7ce65cceb34_rwc_112x0x574x449x574.jpg?h=7184c6e2a07eea2a9891d5b48071cbca	/Users/aseveryn/projects/kurdiani_ge/content/projects/cafe-project-at-eliava-str-in-tbilisi-georgia/cover.jpg
https://cdn.myportfolio.com/fc79503a-6000-4099-bde5-4ff74e4e5ac5/03598b8e-5d60-4d74-b9bb-44a4355506d5_rw_1200.jpg?h=8e5bb7923add29cf6a6df1549aee4e91	/Users/aseveryn/projects/kurdiani_ge/content/projects/interior-5/images/01.jpg
https://cdn.myportfolio.com/fc79503a-6000-4099-bde5-4ff74e4e5ac5/8c8d0da0-a294-4925-8555-9273ba1e6854_rw_1200.jpg?h=4db4e83adb196269bed0291d5e74a21b	/Users/aseveryn/projects/kurdiani_ge/content/projects/interior-5/images/02.jpg
https://cdn.myportfolio.com/fc79503a-6000-4099-bde5-4ff74e4e5ac5/90a5cb46-a3df-425c-b396-a4b12f29c510_rw_1200.jpg?h=db0a8b4ff53d15bba1d7192fd13358f2	/Users/aseveryn/projects/kurdiani_ge/content/projects/interior-5/images/03.jpg
https://cdn.myportfolio.com/fc79503a-6000-4099-bde5-4ff74e4e5ac5/92cf2977-13c2-4256-a04f-1677e0f87a23_rw_1200.jpg?h=b0b9f0cf1e78d491b06b51dc512484bb	/Users/aseveryn/projects/kurdiani_ge/content/projects/interior-5/images/04.jpg
https://cdn.myportfolio.com/fc79503a-6000-4099-bde5-4ff74e4e5ac5/71ce2656-6810-4392-b618-640ac22856da_rw_1200.jpg?h=75cf7f93070f1cb905aca08c51792124	/Users/aseveryn/projects/kurdiani_ge/content/projects/interior-5/images/05.jpg
https://cdn.myportfolio.com/fc79503a-6000-4099-bde5-4ff74e4e5ac5/3f54cd21-ce50-47bf-ae30-beb73c6f4ae5_rw_1200.jpg?h=5d8c6248c51a24c4805651080eaa97c4	/Users/aseveryn/projects/kurdiani_ge/content/projects/interior-5/images/06.jpg
https://cdn.myportfolio.com/fc79503a-6000-4099-bde5-4ff74e4e5ac5/d685a739-f8b7-469d-862d-5a96ecc32370_carw_202x158x1280.jpg?h=c77dac00e9a0c02006ee751ca9652bb4	/Users/aseveryn/projects/kurdiani_ge/content/projects/interior-5/cover.jpg
https://cdn.myportfolio.com/fc79503a-6000-4099-bde5-4ff74e4e5ac5/417a3fb4-a6e8-47e6-b315-af9f8e60b4d8_rw_1920.JPG?h=e8283ff96f22163ab2fdd58fe2510149	/Users/aseveryn/projects/kurdiani_ge/content/projects/villa-at-lisi-lake-tbilisi/images/01.jpg
https://cdn.myportfolio.com/fc79503a-6000-4099-bde5-4ff74e4e5ac5/ef040ea7-7b70-4e7d-9d1d-f50b8a82a8b0_rw_1920.JPG?h=5d1192cf1ef580178fec2eee9c9e3809	/Users/aseveryn/projects/kurdiani_ge/content/projects/villa-at-lisi-lake-tbilisi/images/02.jpg
https://cdn.myportfolio.com/fc79503a-6000-4099-bde5-4ff74e4e5ac5/33b34fa0-5e81-4e0a-adf2-e95e698bc10a_rw_1920.JPG?h=8bf3a4aeac530943aa6803955aa772e2	/Users/aseveryn/projects/kurdiani_ge/content/projects/villa-at-lisi-lake-tbilisi/images/03.jpg
https://cdn.myportfolio.com/fc79503a-6000-4099-bde5-4ff74e4e5ac5/bf078257-7fa5-4998-900c-7f261490c571_rw_1920.jpg?h=5524cebcc3bd193259aa52347a82f297	/Users/aseveryn/projects/kurdiani_ge/content/projects/villa-at-lisi-lake-tbilisi/images/04.jpg
https://cdn.myportfolio.com/fc79503a-6000-4099-bde5-4ff74e4e5ac5/29cbcad3-769a-47d0-9c34-b908d2c8a291_rw_1920.JPG?h=94854844be27249c3ce1cd59ce14b32a	/Users/aseveryn/projects/kurdiani_ge/content/projects/villa-at-lisi-lake-tbilisi/images/05.jpg
https://cdn.myportfolio.com/fc79503a-6000-4099-bde5-4ff74e4e5ac5/e6732ba9-d74a-4227-bd96-75cf8965a7e8_rwc_282x0x3274x2560x1280.jpg?h=c31cc04163d2af5cbb5b2f951ce6ccc5	/Users/aseveryn/projects/kurdiani_ge/content/projects/villa-at-lisi-lake-tbilisi/cover.jpg
https://cdn.myportfolio.com/fc79503a-6000-4099-bde5-4ff74e4e5ac5/af4a0dc2-25aa-4224-b093-3f311c700564_rw_1200.jpg?h=cf1ae6bb6f6b06008cd94d1877c2345b	/Users/aseveryn/projects/kurdiani_ge/content/projects/hotel-savaneti-in-ikalto-georgia/images/01.jpg
https://cdn.myportfolio.com/fc79503a-6000-4099-bde5-4ff74e4e5ac5/b3c4d7eb-8e55-46df-a2a7-7ece3652db45_rw_1200.jpg?h=d021f96bbe7e4ca239983a996068e9f5	/Users/aseveryn/projects/kurdiani_ge/content/projects/hotel-savaneti-in-ikalto-georgia/images/02.jpg
https://cdn.myportfolio.com/fc79503a-6000-4099-bde5-4ff74e4e5ac5/6b19bc5d-d0bc-4fc4-a884-26bb342aef23_rw_1200.jpg?h=1969b4a7addecfc69123f612a4280791	/Users/aseveryn/projects/kurdiani_ge/content/projects/hotel-savaneti-in-ikalto-georgia/images/03.jpg
https://cdn.myportfolio.com/fc79503a-6000-4099-bde5-4ff74e4e5ac5/46e1f9f2-0867-4d23-acbc-f5d3ae5bbbe5_rw_1200.jpg?h=04e43746959e6cb0ee4cb1468e2ecbb8	/Users/aseveryn/projects/kurdiani_ge/content/projects/hotel-savaneti-in-ikalto-georgia/images/04.jpg
https://cdn.myportfolio.com/fc79503a-6000-4099-bde5-4ff74e4e5ac5/70aa8766-171e-453f-b5a1-d5dc6a9c150a_rw_1200.jpg?h=b94e549184d178efd934950c94234ec6	/Users/aseveryn/projects/kurdiani_ge/content/projects/hotel-savaneti-in-ikalto-georgia/images/05.jpg
https://cdn.myportfolio.com/fc79503a-6000-4099-bde5-4ff74e4e5ac5/63434cd1-3b42-4d70-9e73-ef0d84f9fc92_rw_1200.jpg?h=71dbd992d31c4ff1d757a1ad222ea5e2	/Users/aseveryn/projects/kurdiani_ge/content/projects/hotel-savaneti-in-ikalto-georgia/images/06.jpg
https://cdn.myportfolio.com/fc79503a-6000-4099-bde5-4ff74e4e5ac5/80c6eff2-0371-4726-8f4d-1f677ac48e8c_rw_1200.jpg?h=ea78976fc40422d9b39b3a028f4e50c6	/Users/aseveryn/projects/kurdiani_ge/content/projects/hotel-savaneti-in-ikalto-georgia/images/07.jpg
https://cdn.myportfolio.com/fc79503a-6000-4099-bde5-4ff74e4e5ac5/605f2183-efed-45de-b757-1f16920ce1e8_rw_1200.jpg?h=dbab480bdc4f5e6b923f9396fd8eb6ed	/Users/aseveryn/projects/kurdiani_ge/content/projects/hotel-savaneti-in-ikalto-georgia/images/08.jpg
https://cdn.myportfolio.com/fc79503a-6000-4099-bde5-4ff74e4e5ac5/e177d5fe-73c6-4bb7-8072-a8c317344aaf_rw_1200.JPG?h=ec677cbe580756b00ad6b7f01f707609	/Users/aseveryn/projects/kurdiani_ge/content/projects/hotel-savaneti-in-ikalto-georgia/images/09.jpg
https://cdn.myportfolio.com/fc79503a-6000-4099-bde5-4ff74e4e5ac5/b66c2e20-1111-4662-ae2b-987748182eb9_rw_1200.JPG?h=708b841ba3faf45640f54a91588dbb73	/Users/aseveryn/projects/kurdiani_ge/content/projects/hotel-savaneti-in-ikalto-georgia/images/10.jpg
https://cdn.myportfolio.com/fc79503a-6000-4099-bde5-4ff74e4e5ac5/7df65eb2-75d5-4c6a-8bc6-2e844dfbf2e1_rw_1200.JPG?h=aa6ded892bda782c4749df980cfefc1e	/Users/aseveryn/projects/kurdiani_ge/content/projects/hotel-savaneti-in-ikalto-georgia/images/11.jpg
https://cdn.myportfolio.com/fc79503a-6000-4099-bde5-4ff74e4e5ac5/fcafc324-3dae-46b4-9da7-6856ea83b49f_rw_1200.JPG?h=2c3cbfdbc74b3dc7d40060f4eed0fa10	/Users/aseveryn/projects/kurdiani_ge/content/projects/hotel-savaneti-in-ikalto-georgia/images/12.jpg
https://cdn.myportfolio.com/fc79503a-6000-4099-bde5-4ff74e4e5ac5/e01f5397-1553-4656-9801-c1471566b6fd_rw_1200.JPG?h=5c1d4d3246093633a2b90a26dbec8957	/Users/aseveryn/projects/kurdiani_ge/content/projects/hotel-savaneti-in-ikalto-georgia/images/13.jpg
https://cdn.myportfolio.com/fc79503a-6000-4099-bde5-4ff74e4e5ac5/b6db0883-5402-4aba-a670-7481df452086_rw_1200.JPG?h=758542eb48815433bc9b1cc9e77ee5e6	/Users/aseveryn/projects/kurdiani_ge/content/projects/hotel-savaneti-in-ikalto-georgia/images/14.jpg
https://cdn.myportfolio.com/fc79503a-6000-4099-bde5-4ff74e4e5ac5/65d5e92a-9d1c-4815-9a63-b7d837e8bed6_rw_1200.JPG?h=21920aee93959c5786790007af9d279e	/Users/aseveryn/projects/kurdiani_ge/content/projects/hotel-savaneti-in-ikalto-georgia/images/15.jpg
https://cdn.myportfolio.com/fc79503a-6000-4099-bde5-4ff74e4e5ac5/4df0390c-ae0f-47eb-8a07-a5b1a90ba0b8_rw_1200.JPG?h=782951e7f7de5756ec25e02b153a0988	/Users/aseveryn/projects/kurdiani_ge/content/projects/hotel-savaneti-in-ikalto-georgia/images/16.jpg
https://cdn.myportfolio.com/fc79503a-6000-4099-bde5-4ff74e4e5ac5/b78aac98-f752-4538-b093-6b31ff304e30_rw_1200.JPG?h=c97dd6a9818956e1a0a8f1a88f322e47	/Users/aseveryn/projects/kurdiani_ge/content/projects/hotel-savaneti-in-ikalto-georgia/images/17.jpg
https://cdn.myportfolio.com/fc79503a-6000-4099-bde5-4ff74e4e5ac5/436af0d0-3e2c-4fe9-8ccb-921863fefd2e_rw_1200.JPG?h=3649198d381a39846af3f253c4f11c72	/Users/aseveryn/projects/kurdiani_ge/content/projects/hotel-savaneti-in-ikalto-georgia/images/18.jpg
https://cdn.myportfolio.com/fc79503a-6000-4099-bde5-4ff74e4e5ac5/be66358a-2e06-4ac3-bfb8-c18ad6cd93e9_rw_1200.JPG?h=cea9c875d491fe7269c39143ee03ac18	/Users/aseveryn/projects/kurdiani_ge/content/projects/hotel-savaneti-in-ikalto-georgia/images/19.jpg
https://cdn.myportfolio.com/fc79503a-6000-4099-bde5-4ff74e4e5ac5/409eccf3-7d7b-4bdd-bb64-43644a9a4bcd_rw_1200.JPG?h=207262501a9c9712b279396b9a80456a	/Users/aseveryn/projects/kurdiani_ge/content/projects/hotel-savaneti-in-ikalto-georgia/images/20.jpg
https://cdn.myportfolio.com/fc79503a-6000-4099-bde5-4ff74e4e5ac5/39a868dc-c633-4ccf-9bb9-bfe5f67e7029_rw_1200.JPG?h=e19427260ecb589366d2d264c9ed2121	/Users/aseveryn/projects/kurdiani_ge/content/projects/hotel-savaneti-in-ikalto-georgia/images/21.jpg
https://cdn.myportfolio.com/fc79503a-6000-4099-bde5-4ff74e4e5ac5/8323cfd6-fc49-4d23-b643-b2ae594e470f_rw_1200.jpg?h=8820bdcf318c20592ffbc71b0c9a138d	/Users/aseveryn/projects/kurdiani_ge/content/projects/hotel-savaneti-in-ikalto-georgia/images/22.jpg
https://cdn.myportfolio.com/fc79503a-6000-4099-bde5-4ff74e4e5ac5/1c4f599c-c6a7-4ad6-9685-4fbdbe5519d8_rw_1200.JPG?h=346f48305567e1e316d30bb11eae55ad	/Users/aseveryn/projects/kurdiani_ge/content/projects/hotel-savaneti-in-ikalto-georgia/images/23.jpg
https://cdn.myportfolio.com/fc79503a-6000-4099-bde5-4ff74e4e5ac5/2f788fbc-ffa5-489f-a370-d8515b0344bf_rw_1200.JPG?h=a8ffa034aeac0a9914e0f3e501d33c90	/Users/aseveryn/projects/kurdiani_ge/content/projects/hotel-savaneti-in-ikalto-georgia/images/24.jpg
https://cdn.myportfolio.com/fc79503a-6000-4099-bde5-4ff74e4e5ac5/15ecce0c-a1ca-429e-9db9-b467ef7df332_rw_1200.jpg?h=61169f7e3a124c8a25853cc2d43cae5e	/Users/aseveryn/projects/kurdiani_ge/content/projects/hotel-savaneti-in-ikalto-georgia/images/25.jpg
https://cdn.myportfolio.com/fc79503a-6000-4099-bde5-4ff74e4e5ac5/bb4318d5-37d7-49a0-9aaa-e607f6f628a3_rw_1200.jpg?h=88e4f988b2621abd5f3eea9911aa2d99	/Users/aseveryn/projects/kurdiani_ge/content/projects/hotel-savaneti-in-ikalto-georgia/images/26.jpg
https://cdn.myportfolio.com/fc79503a-6000-4099-bde5-4ff74e4e5ac5/e6592d03-ded7-4aef-b6a5-b8e5e2c0af82_rw_1200.jpg?h=6338b3d0f2e957dab0e6edaace5e41da	/Users/aseveryn/projects/kurdiani_ge/content/projects/hotel-savaneti-in-ikalto-georgia/images/27.jpg
https://cdn.myportfolio.com/fc79503a-6000-4099-bde5-4ff74e4e5ac5/4ad97543-c9b6-45bf-8864-b5551a7a9dce_rw_1200.jpg?h=5510fb1cfa5994861f5446a80d65c7b1	/Users/aseveryn/projects/kurdiani_ge/content/projects/hotel-savaneti-in-ikalto-georgia/images/28.jpg
https://cdn.myportfolio.com/fc79503a-6000-4099-bde5-4ff74e4e5ac5/79c45b5e-506c-4ba0-a137-7bc297add33a_rw_1200.jpg?h=8704b006e2783496e1c76ffefebe2b30	/Users/aseveryn/projects/kurdiani_ge/content/projects/hotel-savaneti-in-ikalto-georgia/images/29.jpg
https://cdn.myportfolio.com/fc79503a-6000-4099-bde5-4ff74e4e5ac5/c04af0bb-d3ce-473d-97fc-96307cecf5ca_rw_1200.jpg?h=70c11bdd0852980aa4cf488aaba015cc	/Users/aseveryn/projects/kurdiani_ge/content/projects/hotel-savaneti-in-ikalto-georgia/images/30.jpg
https://cdn.myportfolio.com/fc79503a-6000-4099-bde5-4ff74e4e5ac5/ba142968-e893-4565-9cdb-e429076cf8c9_rw_1200.jpg?h=0f3398073ad0b63dea05d49fbf93ffc5	/Users/aseveryn/projects/kurdiani_ge/content/projects/hotel-savaneti-in-ikalto-georgia/images/31.jpg
https://cdn.myportfolio.com/fc79503a-6000-4099-bde5-4ff74e4e5ac5/44df655b-35c8-422f-beee-b3c3786195e2_rw_1200.jpg?h=19f13c97af381cd40a237f1c92c157cc	/Users/aseveryn/projects/kurdiani_ge/content/projects/hotel-savaneti-in-ikalto-georgia/images/32.jpg
https://cdn.myportfolio.com/fc79503a-6000-4099-bde5-4ff74e4e5ac5/6aaba43f-a5cf-4fcb-b4b5-6356fe332834_rw_1200.jpg?h=b37cc36ceeabd8b9f851fa9f041ae820	/Users/aseveryn/projects/kurdiani_ge/content/projects/hotel-savaneti-in-ikalto-georgia/images/33.jpg
https://cdn.myportfolio.com/fc79503a-6000-4099-bde5-4ff74e4e5ac5/c96c1d10-d2f9-4d1e-b9cc-1751125218dd_rwc_146x0x873x683x873.jpg?h=3cbb00780c710a8be1ea513510e0785d	/Users/aseveryn/projects/kurdiani_ge/content/projects/hotel-savaneti-in-ikalto-georgia/cover.jpg
https://cdn.myportfolio.com/fc79503a-6000-4099-bde5-4ff74e4e5ac5/22991cf1-23d7-4930-aa39-46e60271efaf_rw_1200.jpg?h=45d5c53cb4fc651341d7423a69a0ab44	/Users/aseveryn/projects/kurdiani_ge/content/projects/hotel-project/images/01.jpg
https://cdn.myportfolio.com/fc79503a-6000-4099-bde5-4ff74e4e5ac5/5248d2d0-686d-4559-905d-25db7105fbfb_rw_1200.jpg?h=5371fa160afd9148c26a461dcc7080fb	/Users/aseveryn/projects/kurdiani_ge/content/projects/hotel-project/images/02.jpg
https://cdn.myportfolio.com/fc79503a-6000-4099-bde5-4ff74e4e5ac5/81906184-7127-4365-b179-9f38194ba7ec_rw_1920.jpg?h=01f00af1a39719db9a8b6d8de20445ee	/Users/aseveryn/projects/kurdiani_ge/content/projects/hotel-project/images/03.jpg
https://cdn.myportfolio.com/fc79503a-6000-4099-bde5-4ff74e4e5ac5/2ded000d-effe-4636-8b3a-b96604fad5d0_rw_1920.jpg?h=b6a9ffc28087376b35f8be42416f3dd3	/Users/aseveryn/projects/kurdiani_ge/content/projects/hotel-project/images/04.jpg
https://cdn.myportfolio.com/fc79503a-6000-4099-bde5-4ff74e4e5ac5/3933643b-2eb7-4c2f-8720-64127e0067d3_rw_1200.jpg?h=90ff21c9a2e9c0c04b480774fb04f8e9	/Users/aseveryn/projects/kurdiani_ge/content/projects/hotel-project/images/05.jpg
https://cdn.myportfolio.com/fc79503a-6000-4099-bde5-4ff74e4e5ac5/37c4bb96-0f8e-46cc-8f61-22e5f7aec8eb_rw_1920.jpg?h=8eec7bbaf920e0758128a51d2c1bf3d3	/Users/aseveryn/projects/kurdiani_ge/content/projects/hotel-project/images/06.jpg
https://cdn.myportfolio.com/fc79503a-6000-4099-bde5-4ff74e4e5ac5/346a259e-9a65-4a70-88c5-32fb4ce79fd3_rw_1200.jpg?h=e50b0769a2eba1b42c08af19e18629f1	/Users/aseveryn/projects/kurdiani_ge/content/projects/hotel-project/images/07.jpg
https://cdn.myportfolio.com/fc79503a-6000-4099-bde5-4ff74e4e5ac5/613a1b95-2b05-4293-b23b-526e920c6c78_rw_1920.jpg?h=a4a63f0782f6c79dd1b425152766bfe7	/Users/aseveryn/projects/kurdiani_ge/content/projects/hotel-project/images/08.jpg
https://cdn.myportfolio.com/fc79503a-6000-4099-bde5-4ff74e4e5ac5/04a6edbb-2001-48da-9fa2-5f9f21a669fd_rw_1200.jpg?h=c8bfe570d63e918c019159666f69e436	/Users/aseveryn/projects/kurdiani_ge/content/projects/hotel-project/images/09.jpg
https://cdn.myportfolio.com/fc79503a-6000-4099-bde5-4ff74e4e5ac5/9b30649e-4db9-4bd7-b2a5-018011019a6a_rwc_222x0x575x450x575.jpg?h=a79ba189efc6630decd84ae506002df8	/Users/aseveryn/projects/kurdiani_ge/content/projects/hotel-project/cover.jpg
https://cdn.myportfolio.com/fc79503a-6000-4099-bde5-4ff74e4e5ac5/26bb82d5-c1ee-4b29-bd0d-7cb4bf2c53c8_rw_1200.jpg?h=34bd1a1d7ca0cddc58e6d81149d343a7	/Users/aseveryn/projects/kurdiani_ge/content/projects/interior-4/images/01.jpg
https://cdn.myportfolio.com/fc79503a-6000-4099-bde5-4ff74e4e5ac5/5a0e3eef-1f34-432b-9b9c-c83940723c19_rw_1200.jpg?h=b8dc0ebe341b4395e993b3761dc18f62	/Users/aseveryn/projects/kurdiani_ge/content/projects/interior-4/images/02.jpg
https://cdn.myportfolio.com/fc79503a-6000-4099-bde5-4ff74e4e5ac5/1b67a164-1d2d-4631-9819-e5c4dbe59fe1_rw_1920.JPG?h=df1c498120470bd3e8d6d87756a98974	/Users/aseveryn/projects/kurdiani_ge/content/projects/interior-4/images/03.jpg
https://cdn.myportfolio.com/fc79503a-6000-4099-bde5-4ff74e4e5ac5/b0ef34aa-21b6-44ec-ad6e-3090df5f82be_rw_1200.jpg?h=7b2c591aeb5f5f112e0f483baa96a194	/Users/aseveryn/projects/kurdiani_ge/content/projects/interior-4/images/04.jpg
https://cdn.myportfolio.com/fc79503a-6000-4099-bde5-4ff74e4e5ac5/1c15172e-3573-4253-920b-dc5f7087623b_rw_1200.jpg?h=ee3e2e8abf635d47157c7c578c0bca0e	/Users/aseveryn/projects/kurdiani_ge/content/projects/interior-4/images/05.jpg
https://cdn.myportfolio.com/fc79503a-6000-4099-bde5-4ff74e4e5ac5/94bddf4c-1cdc-487e-8260-c03eae1483e8_rw_1920.JPG?h=15e0aca3cdc9c59f65278ca2bca7f3a5	/Users/aseveryn/projects/kurdiani_ge/content/projects/interior-4/images/06.jpg
https://cdn.myportfolio.com/fc79503a-6000-4099-bde5-4ff74e4e5ac5/7b9b2a90-7bd6-45dc-83b6-e3f16674e905_rw_1920.JPG?h=76e98030f28beef49954c8ecf579df3a	/Users/aseveryn/projects/kurdiani_ge/content/projects/interior-4/images/07.jpg
https://cdn.myportfolio.com/fc79503a-6000-4099-bde5-4ff74e4e5ac5/9ca1fef4-24fb-41d1-8eeb-0270f601b63e_rw_1200.jpg?h=61451729258f6f3932695a8e6bcb9d30	/Users/aseveryn/projects/kurdiani_ge/content/projects/interior-4/images/08.jpg
https://cdn.myportfolio.com/fc79503a-6000-4099-bde5-4ff74e4e5ac5/3cb901ca-56ad-44aa-8b57-a230d7e90112_rwc_58x0x681x533x681.jpg?h=4934e0f055d63ae6889337407a24bf60	/Users/aseveryn/projects/kurdiani_ge/content/projects/interior-4/cover.jpg
https://cdn.myportfolio.com/fc79503a-6000-4099-bde5-4ff74e4e5ac5/5cddbbe3-596e-4eca-8eb8-37360d4b690f_rw_1200.jpg?h=336c7d7a3cf1ba3e7f232d8c6592128d	/Users/aseveryn/projects/kurdiani_ge/content/projects/hotel-project-in-bakuriani/images/01.jpg
https://cdn.myportfolio.com/fc79503a-6000-4099-bde5-4ff74e4e5ac5/b6bc2fd5-b63c-4755-a227-d1804abf5c35_rw_1200.jpg?h=b3e84c633409f1ab4d495c64bda262e8	/Users/aseveryn/projects/kurdiani_ge/content/projects/hotel-project-in-bakuriani/images/02.jpg
https://cdn.myportfolio.com/fc79503a-6000-4099-bde5-4ff74e4e5ac5/6fa7457d-09de-4ffd-9286-695685981919_rw_1200.jpg?h=e7d4f5118e8e51ff9e40324bbeec86da	/Users/aseveryn/projects/kurdiani_ge/content/projects/hotel-project-in-bakuriani/images/03.jpg
https://cdn.myportfolio.com/fc79503a-6000-4099-bde5-4ff74e4e5ac5/429ad0b9-b3ad-406b-b6d8-e48cb68bdb49_rw_1200.jpg?h=344b5f69a958afdc5ccef46711227dba	/Users/aseveryn/projects/kurdiani_ge/content/projects/hotel-project-in-bakuriani/images/04.jpg
https://cdn.myportfolio.com/fc79503a-6000-4099-bde5-4ff74e4e5ac5/a97bbb28-9212-4f26-9f9a-b891616fadb9_rw_1920.png?h=3f5f4756dc3345d30f172a09bf36917a	/Users/aseveryn/projects/kurdiani_ge/content/projects/hotel-project-in-bakuriani/images/05.png
https://cdn.myportfolio.com/fc79503a-6000-4099-bde5-4ff74e4e5ac5/acac3a05-b360-4e2b-962c-d693b7711040_rw_1920.png?h=96b74752a0231b6895c9b632f270f76a	/Users/aseveryn/projects/kurdiani_ge/content/projects/hotel-project-in-bakuriani/images/06.png
https://cdn.myportfolio.com/fc79503a-6000-4099-bde5-4ff74e4e5ac5/792c0fcd-ee44-4d7f-9e16-f4b73ab4109b_rw_1200.jpg?h=cfb6f4d57ead611270a872c37315fb6a	/Users/aseveryn/projects/kurdiani_ge/content/projects/hotel-project-in-bakuriani/images/07.jpg
https://cdn.myportfolio.com/fc79503a-6000-4099-bde5-4ff74e4e5ac5/31477598-bcb6-49c5-bd9d-0e9f3049104d_rw_1200.jpg?h=2e8e330090a9dbb664f6bc93fd64425f	/Users/aseveryn/projects/kurdiani_ge/content/projects/hotel-project-in-bakuriani/images/08.jpg
https://cdn.myportfolio.com/fc79503a-6000-4099-bde5-4ff74e4e5ac5/18f80695-76e0-4b71-b9c6-f836915fd2d9_rw_1200.jpg?h=a402d4340159cc0805ac33bda4b5592d	/Users/aseveryn/projects/kurdiani_ge/content/projects/hotel-project-in-bakuriani/images/09.jpg
https://cdn.myportfolio.com/fc79503a-6000-4099-bde5-4ff74e4e5ac5/db0d310f-5e16-41d0-be23-72eb2cbe7c7c_rw_1200.jpg?h=8d8e9cd5b7d35ef4223a60ce2cdd6364	/Users/aseveryn/projects/kurdiani_ge/content/projects/hotel-project-in-bakuriani/images/10.jpg
https://cdn.myportfolio.com/fc79503a-6000-4099-bde5-4ff74e4e5ac5/a96702dc-0c7a-4300-b2d2-005664ab4669_rw_1200.jpg?h=a5ce7e7ed499046680222e02a292bc9a	/Users/aseveryn/projects/kurdiani_ge/content/projects/hotel-project-in-bakuriani/images/11.jpg
https://cdn.myportfolio.com/fc79503a-6000-4099-bde5-4ff74e4e5ac5/b6e242e3-0fd8-4995-b0d8-0ddab67eaaec_carw_202x158x1280.jpg?h=343cf8e34474b9aa6c08116b5e42c076	/Users/aseveryn/projects/kurdiani_ge/content/projects/hotel-project-in-bakuriani/cover.jpg
https://cdn.myportfolio.com/fc79503a-6000-4099-bde5-4ff74e4e5ac5/4fae5d3b-af32-4960-bdda-7e764010f53d_rw_1200.jpg?h=5c46186d2d3276b253d57c2502d35cdb	/Users/aseveryn/projects/kurdiani_ge/content/projects/restaurant-argo-in-zugdidi/images/01.jpg
https://cdn.myportfolio.com/fc79503a-6000-4099-bde5-4ff74e4e5ac5/9f891a39-cf6c-4616-a142-85dcdeb3f7d7_rw_1200.jpg?h=a9d5168b5eab165437b579043afde04b	/Users/aseveryn/projects/kurdiani_ge/content/projects/restaurant-argo-in-zugdidi/images/02.jpg
https://cdn.myportfolio.com/fc79503a-6000-4099-bde5-4ff74e4e5ac5/f85d67df-ddb3-4722-a278-c4d28538ece9_rwc_59x0x873x683x873.jpg?h=7ce7fe42ba8133c40f74c1a8580c4f55	/Users/aseveryn/projects/kurdiani_ge/content/projects/restaurant-argo-in-zugdidi/cover.jpg
https://cdn.myportfolio.com/fc79503a-6000-4099-bde5-4ff74e4e5ac5/035e1e14-e66d-4e93-974d-88138e730cf6_rw_1200.JPG?h=09def98a515cd9beb1dd78044f8f9e00	/Users/aseveryn/projects/kurdiani_ge/content/projects/interior-3/images/01.jpg
https://cdn.myportfolio.com/fc79503a-6000-4099-bde5-4ff74e4e5ac5/f190b9d8-5f11-4a94-bd32-99c9c0ff471e_rw_600.JPG?h=3881918cb23b22f34c151c6ced3d83b1	/Users/aseveryn/projects/kurdiani_ge/content/projects/interior-3/images/02.jpg
https://cdn.myportfolio.com/fc79503a-6000-4099-bde5-4ff74e4e5ac5/6604dc65-fca8-466a-ad89-abfc6d1357ea_rw_1200.JPG?h=0f30d81a38030ca8ce051513b4b393aa	/Users/aseveryn/projects/kurdiani_ge/content/projects/interior-3/images/03.jpg
https://cdn.myportfolio.com/fc79503a-6000-4099-bde5-4ff74e4e5ac5/4a0fe1e3-694d-4d8e-85dd-28081ec93451_rw_1200.jpg?h=ff56449fc27962d0269a98574d3f3a2d	/Users/aseveryn/projects/kurdiani_ge/content/projects/interior-3/images/04.jpg
https://cdn.myportfolio.com/fc79503a-6000-4099-bde5-4ff74e4e5ac5/aa6b885d-cc83-4678-9c2f-dafc8d6bf1aa_rw_1200.JPG?h=50b6f3e92e85a4eda51568d5e7fe0060	/Users/aseveryn/projects/kurdiani_ge/content/projects/interior-3/images/05.jpg
https://cdn.myportfolio.com/fc79503a-6000-4099-bde5-4ff74e4e5ac5/f85ab22a-41e0-4a3d-8504-1edbaf4a7363_rwc_27x0x767x600x767.jpg?h=e0e48c9b6df6b7c9a219601303a7ed5a	/Users/aseveryn/projects/kurdiani_ge/content/projects/interior-3/cover.jpg
https://cdn.myportfolio.com/fc79503a-6000-4099-bde5-4ff74e4e5ac5/f29fc85f-770e-435f-a622-a537fa54f9eb_rw_1200.jpg?h=a16f5594ea79f235f9b7c1d80d8b724e	/Users/aseveryn/projects/kurdiani_ge/content/projects/yezidi-cultural-center-in-tbilisi/images/01.jpg
https://cdn.myportfolio.com/fc79503a-6000-4099-bde5-4ff74e4e5ac5/73ff2534-5271-4d3f-abfd-b906df494d68_rw_1200.jpg?h=5e8221099ddfc73553edd3266594c9f0	/Users/aseveryn/projects/kurdiani_ge/content/projects/yezidi-cultural-center-in-tbilisi/images/02.jpg
https://cdn.myportfolio.com/fc79503a-6000-4099-bde5-4ff74e4e5ac5/1c1a1d99-8fc2-4013-a88e-c94ccd3b28c4_rw_1200.jpg?h=d4cdd6f19a100f274521f73ef896d789	/Users/aseveryn/projects/kurdiani_ge/content/projects/yezidi-cultural-center-in-tbilisi/images/03.jpg
https://cdn.myportfolio.com/fc79503a-6000-4099-bde5-4ff74e4e5ac5/f24a4d5a-0ce3-4ab1-86e4-9f92d42bdc9b_rw_1200.jpg?h=aa3b9f82c3738daf2558c769dec1df68	/Users/aseveryn/projects/kurdiani_ge/content/projects/yezidi-cultural-center-in-tbilisi/images/04.jpg
https://cdn.myportfolio.com/fc79503a-6000-4099-bde5-4ff74e4e5ac5/628227e7-bec7-475f-aa73-4214266040bb_rw_1200.jpg?h=9bba0c4970a6d00aae15b2d0a91da191	/Users/aseveryn/projects/kurdiani_ge/content/projects/yezidi-cultural-center-in-tbilisi/images/05.jpg
https://cdn.myportfolio.com/fc79503a-6000-4099-bde5-4ff74e4e5ac5/2e4912d3-5937-4c98-9a39-2637397c670f_rw_1200.jpg?h=857b2d7b83c12fd9342eae829098589d	/Users/aseveryn/projects/kurdiani_ge/content/projects/yezidi-cultural-center-in-tbilisi/images/06.jpg
https://cdn.myportfolio.com/fc79503a-6000-4099-bde5-4ff74e4e5ac5/41121b78-91f8-442e-a948-3e171a4556a7_rw_1200.jpg?h=733abf1f8c6296f604578c3f1a15d91e	/Users/aseveryn/projects/kurdiani_ge/content/projects/yezidi-cultural-center-in-tbilisi/images/07.jpg
https://cdn.myportfolio.com/fc79503a-6000-4099-bde5-4ff74e4e5ac5/974e2ad5-b405-4e17-8824-93b1b8f644ac_rw_1200.jpg?h=069af10efead7561f34cca9202b293b7	/Users/aseveryn/projects/kurdiani_ge/content/projects/yezidi-cultural-center-in-tbilisi/images/08.jpg
https://cdn.myportfolio.com/fc79503a-6000-4099-bde5-4ff74e4e5ac5/39eacfdb-13dd-4aac-9e2d-632dab94bf39_rw_1200.jpg?h=392d441cb2323b78b52031f2dfcf3eda	/Users/aseveryn/projects/kurdiani_ge/content/projects/yezidi-cultural-center-in-tbilisi/images/09.jpg
https://cdn.myportfolio.com/fc79503a-6000-4099-bde5-4ff74e4e5ac5/16fb8e64-6d2b-4860-a8ad-7a3486bb24df_rw_1200.jpg?h=f784bc8a3f77ccad2aed88d98c791076	/Users/aseveryn/projects/kurdiani_ge/content/projects/yezidi-cultural-center-in-tbilisi/images/10.jpg
https://cdn.myportfolio.com/fc79503a-6000-4099-bde5-4ff74e4e5ac5/9e975402-8bc0-4c42-b60e-e1eed440d6d4_rw_1200.jpg?h=77de48999200b12fe4bbdb235a5ee41f	/Users/aseveryn/projects/kurdiani_ge/content/projects/yezidi-cultural-center-in-tbilisi/images/11.jpg
https://cdn.myportfolio.com/fc79503a-6000-4099-bde5-4ff74e4e5ac5/43eee23f-068e-4d41-ae67-5d5ba0ddbab2_rw_1200.jpg?h=a9a78a501d5caeafecbfbf14bc37aa68	/Users/aseveryn/projects/kurdiani_ge/content/projects/yezidi-cultural-center-in-tbilisi/images/12.jpg
https://cdn.myportfolio.com/fc79503a-6000-4099-bde5-4ff74e4e5ac5/5226d296-3a29-4110-998d-464a7440a13b_rw_1200.jpg?h=59513674412e56199664da59377f2097	/Users/aseveryn/projects/kurdiani_ge/content/projects/yezidi-cultural-center-in-tbilisi/images/13.jpg
https://cdn.myportfolio.com/fc79503a-6000-4099-bde5-4ff74e4e5ac5/33d4bca0-434f-4a95-9ce7-8b71f9094e74_rw_1200.jpg?h=23bcf677cb71a330dea18327af27e08b	/Users/aseveryn/projects/kurdiani_ge/content/projects/yezidi-cultural-center-in-tbilisi/images/14.jpg
https://cdn.myportfolio.com/fc79503a-6000-4099-bde5-4ff74e4e5ac5/5cdeee25-3e31-439a-8491-75aca4ca759c_rw_1200.jpg?h=2821b6ef021220aa3eec481f50de0107	/Users/aseveryn/projects/kurdiani_ge/content/projects/yezidi-cultural-center-in-tbilisi/images/15.jpg
https://cdn.myportfolio.com/fc79503a-6000-4099-bde5-4ff74e4e5ac5/e3542c07-262d-4387-91ac-2af8a1251907_rw_1200.jpg?h=2c215477fc77a2374bce9e75bba6f83b	/Users/aseveryn/projects/kurdiani_ge/content/projects/yezidi-cultural-center-in-tbilisi/images/16.jpg
https://cdn.myportfolio.com/fc79503a-6000-4099-bde5-4ff74e4e5ac5/69a3ad58-86b8-40a2-9737-eea0ac3560fb_rw_1200.jpg?h=b9cab690ce910672a9c3f5aa399d5f15	/Users/aseveryn/projects/kurdiani_ge/content/projects/yezidi-cultural-center-in-tbilisi/images/17.jpg
https://cdn.myportfolio.com/fc79503a-6000-4099-bde5-4ff74e4e5ac5/5bbd1fb1-a3a2-4b34-81f4-c1417cc96f3e_rwc_40x0x982x768x982.jpg?h=2fd2771e989dd78692ff0d85ef561e79	/Users/aseveryn/projects/kurdiani_ge/content/projects/yezidi-cultural-center-in-tbilisi/cover.jpg
https://cdn.myportfolio.com/fc79503a-6000-4099-bde5-4ff74e4e5ac5/116fcd9a-3bd2-49b1-8694-d2c05ddaaad4_rw_600.jpg?h=534053dc68a150c8a921473f2ad5c17a	/Users/aseveryn/projects/kurdiani_ge/content/projects/interrior/images/01.jpg
https://cdn.myportfolio.com/fc79503a-6000-4099-bde5-4ff74e4e5ac5/d0373aef-4095-49aa-83ec-333a49918f70_rw_1200.jpg?h=19c9e6b05b9cad75e2f5a0253e013c07	/Users/aseveryn/projects/kurdiani_ge/content/projects/interrior/images/02.jpg
https://cdn.myportfolio.com/fc79503a-6000-4099-bde5-4ff74e4e5ac5/1bbae186-9562-4a2f-b33c-c49b54184ee7_rw_1200.jpg?h=fcf2b11958b024c04f93c7e3c5275b18	/Users/aseveryn/projects/kurdiani_ge/content/projects/interrior/images/03.jpg
https://cdn.myportfolio.com/fc79503a-6000-4099-bde5-4ff74e4e5ac5/19df2ec9-bef4-41a3-9d22-4b9099f98913_rw_1200.jpg?h=4bdbe7f6cfc64de23548ea5bbaceb59d	/Users/aseveryn/projects/kurdiani_ge/content/projects/interrior/images/04.jpg
https://cdn.myportfolio.com/fc79503a-6000-4099-bde5-4ff74e4e5ac5/b0d0ea08-242b-4a06-bddb-45b1303782fc_carw_202x158x1280.jpg?h=2311ab9f2642f1f84fbb3dba808f7e8b	/Users/aseveryn/projects/kurdiani_ge/content/projects/interrior/cover.jpg
https://cdn.myportfolio.com/fc79503a-6000-4099-bde5-4ff74e4e5ac5/c951c311-edd0-4a97-aa3d-b50360b86cc2_rw_1920.jpg?h=b6325154aa0a31f396acf6ec2e86eff5	/Users/aseveryn/projects/kurdiani_ge/content/projects/condominium-project/images/01.jpg
https://cdn.myportfolio.com/fc79503a-6000-4099-bde5-4ff74e4e5ac5/9d4386f6-8d69-45d3-ad79-9d28545ebeae_rw_1920.jpg?h=ae2feeec31b085d31cf9dd543941fcdb	/Users/aseveryn/projects/kurdiani_ge/content/projects/condominium-project/images/02.jpg
https://cdn.myportfolio.com/fc79503a-6000-4099-bde5-4ff74e4e5ac5/6a7be853-753a-43a8-8798-e49a320eef1d_rw_1920.jpg?h=e39cc47a1017ff736a345fa202298e3b	/Users/aseveryn/projects/kurdiani_ge/content/projects/condominium-project/images/03.jpg
https://cdn.myportfolio.com/fc79503a-6000-4099-bde5-4ff74e4e5ac5/32c112c7-34f1-4a37-8104-bd2fcf02608b_rw_1920.jpg?h=4e98c3f1f05025dc65e99c13a7cdde09	/Users/aseveryn/projects/kurdiani_ge/content/projects/condominium-project/images/04.jpg
https://cdn.myportfolio.com/fc79503a-6000-4099-bde5-4ff74e4e5ac5/ff0c00a9-f0f8-4621-84f8-cfd434ad4d08_carw_202x158x1280.jpg?h=099bd4627e6564c3d04d67acc45c552d	/Users/aseveryn/projects/kurdiani_ge/content/projects/condominium-project/cover.jpg
https://cdn.myportfolio.com/fc79503a-6000-4099-bde5-4ff74e4e5ac5/b146e26b-dd90-4ff2-b50f-cf038b3562a3_rw_1200.jpg?h=eb2fbd847a379447b65e05d33d08093f	/Users/aseveryn/projects/kurdiani_ge/content/projects/interior-2/images/01.jpg
https://cdn.myportfolio.com/fc79503a-6000-4099-bde5-4ff74e4e5ac5/54739f6f-2024-4d38-a42d-6b6995da4101_rw_1200.jpg?h=bb587d0914b0824b211afcbc4ab2c17b	/Users/aseveryn/projects/kurdiani_ge/content/projects/interior-2/images/02.jpg
https://cdn.myportfolio.com/fc79503a-6000-4099-bde5-4ff74e4e5ac5/bed71e1f-fbf1-49ef-800f-0632b8b498b2_rw_1200.jpg?h=ef94223a14ccdfc34dd6c1a40961a077	/Users/aseveryn/projects/kurdiani_ge/content/projects/interior-2/images/03.jpg
https://cdn.myportfolio.com/fc79503a-6000-4099-bde5-4ff74e4e5ac5/4fbfb2f9-685a-4af3-a0bf-e5b7a5609945_rw_1200.jpg?h=ea047dcddd5a1af26b110e9e72960358	/Users/aseveryn/projects/kurdiani_ge/content/projects/interior-2/images/04.jpg
https://cdn.myportfolio.com/fc79503a-6000-4099-bde5-4ff74e4e5ac5/f83792fe-832c-4fc9-9688-9a9988301d34_rw_1200.jpg?h=bdf8aa3c2b6decd0ac9f278ab0129e1e	/Users/aseveryn/projects/kurdiani_ge/content/projects/interior-2/images/05.jpg
https://cdn.myportfolio.com/fc79503a-6000-4099-bde5-4ff74e4e5ac5/e4e5f6f5-3575-4efd-8bc7-0b9b386be6ed_carw_202x158x1280.jpg?h=a10631be43e85cd224236c62ff5b6ff5	/Users/aseveryn/projects/kurdiani_ge/content/projects/interior-2/cover.jpg
https://cdn.myportfolio.com/fc79503a-6000-4099-bde5-4ff74e4e5ac5/26beda2c-c737-4c7f-bd8b-852800be45f5_rw_1200.jpg?h=7a4666d34f5525747ddf1acaaefb7bb8	/Users/aseveryn/projects/kurdiani_ge/content/projects/condominium/images/01.jpg
https://cdn.myportfolio.com/fc79503a-6000-4099-bde5-4ff74e4e5ac5/83da708c-a7d8-4dfc-af4d-27ca1a79c827_rw_1200.jpg?h=363d95b62b4eabed45475d367fbca35a	/Users/aseveryn/projects/kurdiani_ge/content/projects/condominium/images/02.jpg
https://cdn.myportfolio.com/fc79503a-6000-4099-bde5-4ff74e4e5ac5/b9369681-caa5-4bd0-9119-279973d26327_rw_1200.jpg?h=c434585e3908709c4ccabb64935d1ccb	/Users/aseveryn/projects/kurdiani_ge/content/projects/condominium/images/03.jpg
https://cdn.myportfolio.com/fc79503a-6000-4099-bde5-4ff74e4e5ac5/a1b1c6bc-b446-45f4-b22d-6ae9f823f57d_rw_1200.jpg?h=c9568040da4084bf13e92e834e603de1	/Users/aseveryn/projects/kurdiani_ge/content/projects/condominium/images/04.jpg
https://cdn.myportfolio.com/fc79503a-6000-4099-bde5-4ff74e4e5ac5/f7cdc924-607c-4093-9d06-3608ce4c898b_rw_1200.jpg?h=67f9e11973cf4645101b7f8bc55d321c	/Users/aseveryn/projects/kurdiani_ge/content/projects/condominium/images/05.jpg
https://cdn.myportfolio.com/fc79503a-6000-4099-bde5-4ff74e4e5ac5/b253cec3-26ca-4881-9712-2916461177c3_rw_1200.jpg?h=6364369dc7ab7b653f9dafcac6857b8a	/Users/aseveryn/projects/kurdiani_ge/content/projects/condominium/images/06.jpg
https://cdn.myportfolio.com/fc79503a-6000-4099-bde5-4ff74e4e5ac5/25b4c247-bf7d-4a11-8bc8-f85d7404b321_rw_1200.jpg?h=dbadb3f83b479c157f875caef32423f9	/Users/aseveryn/projects/kurdiani_ge/content/projects/condominium/images/07.jpg
https://cdn.myportfolio.com/fc79503a-6000-4099-bde5-4ff74e4e5ac5/3c415a9a-f265-4128-9313-a463431b8fbc_rw_1200.jpg?h=66f3d6ea5330474ceb629c2edd2864f9	/Users/aseveryn/projects/kurdiani_ge/content/projects/condominium/images/08.jpg
https://cdn.myportfolio.com/fc79503a-6000-4099-bde5-4ff74e4e5ac5/012da0b8-7bc1-4e04-9279-655cd74cc9fe_rw_1200.jpg?h=c2dfe3ca5ec311f1a84186c4a3149f3e	/Users/aseveryn/projects/kurdiani_ge/content/projects/condominium/images/09.jpg
https://cdn.myportfolio.com/fc79503a-6000-4099-bde5-4ff74e4e5ac5/49d4696c-7048-47b0-8bb7-d46e35cf86b0_rw_1200.jpg?h=898cdb40869653169ff65126b16514b9	/Users/aseveryn/projects/kurdiani_ge/content/projects/condominium/images/10.jpg
https://cdn.myportfolio.com/fc79503a-6000-4099-bde5-4ff74e4e5ac5/5a30f9fa-cf5a-48f4-b1b0-8df217aef11c_rw_600.jpg?h=69d20b57710e78790f43bb2fd78daf4c	/Users/aseveryn/projects/kurdiani_ge/content/projects/condominium/images/11.jpg
https://cdn.myportfolio.com/fc79503a-6000-4099-bde5-4ff74e4e5ac5/59f89146-0f10-45bf-a691-4674c5d8b17b_rw_1200.jpg?h=7a6c59ef35e4c39658abc75decc02dbe	/Users/aseveryn/projects/kurdiani_ge/content/projects/condominium/images/12.jpg
https://cdn.myportfolio.com/fc79503a-6000-4099-bde5-4ff74e4e5ac5/7859b3f4-c30e-4a64-b0d9-5b51baa8b7ad_rw_600.jpg?h=b4398443e281b2149f77b011db660387	/Users/aseveryn/projects/kurdiani_ge/content/projects/condominium/images/13.jpg
https://cdn.myportfolio.com/fc79503a-6000-4099-bde5-4ff74e4e5ac5/6a1f015e-ab1c-42fc-9cf1-dc5279d09544_rw_600.jpg?h=75ab3a2032c55a608ddc83fa4f48604e	/Users/aseveryn/projects/kurdiani_ge/content/projects/condominium/images/14.jpg
https://cdn.myportfolio.com/fc79503a-6000-4099-bde5-4ff74e4e5ac5/a59de511-ce55-4fbe-92d0-ccf7fe3f4280_carw_202x158x1280.jpg?h=5a9cb5caabbd3b7b45a8792c3b03b0af	/Users/aseveryn/projects/kurdiani_ge/content/projects/condominium/cover.jpg
https://cdn.myportfolio.com/fc79503a-6000-4099-bde5-4ff74e4e5ac5/3777e8fa-2c67-4f3d-8229-b168da8d5989_rw_1920.jpg?h=3373fef867c7bdb9ad944bd87cfd361f	/Users/aseveryn/projects/kurdiani_ge/content/projects/cgc-office-in-rustavi-georgia/images/01.jpg
https://cdn.myportfolio.com/fc79503a-6000-4099-bde5-4ff74e4e5ac5/8743a99a-8d0b-4d7f-8e46-b94df88de0ab_rw_1920.jpg?h=ba7486422cbcca26e7282eaa1cbd9cc5	/Users/aseveryn/projects/kurdiani_ge/content/projects/cgc-office-in-rustavi-georgia/images/02.jpg
https://cdn.myportfolio.com/fc79503a-6000-4099-bde5-4ff74e4e5ac5/c41487a7-402f-4d93-bd16-a1199e106226_rw_1920.jpg?h=4115c5fe61800e15152b0bf892eb6b63	/Users/aseveryn/projects/kurdiani_ge/content/projects/cgc-office-in-rustavi-georgia/images/03.jpg
https://cdn.myportfolio.com/fc79503a-6000-4099-bde5-4ff74e4e5ac5/6fa6219d-3453-4749-b821-71f14c15f57a_rw_1920.jpg?h=65691c49e494f663d3d887312b03921a	/Users/aseveryn/projects/kurdiani_ge/content/projects/cgc-office-in-rustavi-georgia/images/04.jpg
https://cdn.myportfolio.com/fc79503a-6000-4099-bde5-4ff74e4e5ac5/a520b696-28ae-461d-8477-00b0db819d18_rw_1200.jpg?h=6b9c09a60b89de18d04d411a5a6c241a	/Users/aseveryn/projects/kurdiani_ge/content/projects/cgc-office-in-rustavi-georgia/images/05.jpg
https://cdn.myportfolio.com/fc79503a-6000-4099-bde5-4ff74e4e5ac5/ad358768-0be7-4523-bfc2-ffaf039cdea3_rw_1200.jpg?h=6ad6ecbc7919b50c389b2cd92029e165	/Users/aseveryn/projects/kurdiani_ge/content/projects/cgc-office-in-rustavi-georgia/images/06.jpg
https://cdn.myportfolio.com/fc79503a-6000-4099-bde5-4ff74e4e5ac5/e03e59b8-c2c1-4659-9178-59eeb1bcc956_rw_1200.jpg?h=c4888c19f201b491055a3ba23c2277a0	/Users/aseveryn/projects/kurdiani_ge/content/projects/cgc-office-in-rustavi-georgia/images/07.jpg
https://cdn.myportfolio.com/fc79503a-6000-4099-bde5-4ff74e4e5ac5/b369a237-9ee9-420d-8e7d-d40949747266_carw_202x158x1280.jpg?h=87cfbd43980e406472ca50f18b196891	/Users/aseveryn/projects/kurdiani_ge/content/projects/cgc-office-in-rustavi-georgia/cover.jpg
https://cdn.myportfolio.com/fc79503a-6000-4099-bde5-4ff74e4e5ac5/e406d3b8-2a6e-4f6d-8422-65e5552f8f2a_rw_1920.jpg?h=2646d44c20418de0b3328427d8d5e8e4	/Users/aseveryn/projects/kurdiani_ge/content/projects/old-hotel-renovation-project/images/01.jpg
https://cdn.myportfolio.com/fc79503a-6000-4099-bde5-4ff74e4e5ac5/00bf4a40-6af5-4e63-9635-605eb034a8eb_rw_1920.jpg?h=a20817d036f23b046367863b2a3c13bc	/Users/aseveryn/projects/kurdiani_ge/content/projects/old-hotel-renovation-project/images/02.jpg
https://cdn.myportfolio.com/fc79503a-6000-4099-bde5-4ff74e4e5ac5/a0a2f1a0-a9aa-4f26-8c58-c6ac2c5934d2_rw_1920.jpg?h=574cebe0797d206c5cfcc91be3489eee	/Users/aseveryn/projects/kurdiani_ge/content/projects/old-hotel-renovation-project/images/03.jpg
https://cdn.myportfolio.com/fc79503a-6000-4099-bde5-4ff74e4e5ac5/24a98ca5-e8f0-4b1b-b654-8b7186bff01d_rw_1920.jpg?h=6a7f44ed478226f76f36d3a89cd6fb74	/Users/aseveryn/projects/kurdiani_ge/content/projects/old-hotel-renovation-project/images/04.jpg
https://cdn.myportfolio.com/fc79503a-6000-4099-bde5-4ff74e4e5ac5/853714e6-5aab-47a1-ad26-658abb655f83_rw_1920.jpg?h=1518f2421d183df514159e5168a6d28e	/Users/aseveryn/projects/kurdiani_ge/content/projects/old-hotel-renovation-project/images/05.jpg
https://cdn.myportfolio.com/fc79503a-6000-4099-bde5-4ff74e4e5ac5/741becdc-0d24-4717-8642-15748f511981_rwc_0x165x1920x1501x1280.jpg?h=feff3e77ea2e29cdd5a79ece89f31bbb	/Users/aseveryn/projects/kurdiani_ge/content/projects/old-hotel-renovation-project/cover.jpg
https://cdn.myportfolio.com/fc79503a-6000-4099-bde5-4ff74e4e5ac5/32832e52-e465-4415-8b8e-1d506304c640_rw_1920.jpg?h=49c1e07357288885c333d553ea117355	/Users/aseveryn/projects/kurdiani_ge/content/projects/interior-1/images/01.jpg
https://cdn.myportfolio.com/fc79503a-6000-4099-bde5-4ff74e4e5ac5/cb60beb5-8f33-4099-b0a7-a41207ed5475_rw_1920.jpg?h=fd42aa9fd28f7e9d47d23bcf7351c932	/Users/aseveryn/projects/kurdiani_ge/content/projects/interior-1/images/02.jpg
https://cdn.myportfolio.com/fc79503a-6000-4099-bde5-4ff74e4e5ac5/0ac58a42-62a1-435d-a781-48d4b02451c9_rw_1920.jpg?h=f04614c7d71b7465c9d7497a92ac362f	/Users/aseveryn/projects/kurdiani_ge/content/projects/interior-1/images/03.jpg
https://cdn.myportfolio.com/fc79503a-6000-4099-bde5-4ff74e4e5ac5/864e8739-b9bf-4900-9c1b-fb2ada8cca86_rw_1920.jpg?h=7d7d96a73a08da9429bb45c404718a26	/Users/aseveryn/projects/kurdiani_ge/content/projects/interior-1/images/04.jpg
https://cdn.myportfolio.com/fc79503a-6000-4099-bde5-4ff74e4e5ac5/ee3aefc8-64bd-40b7-b37b-db0f7871cada_rw_1920.jpg?h=137b8615371bd35fd198dba2bd3c965a	/Users/aseveryn/projects/kurdiani_ge/content/projects/interior-1/images/05.jpg
https://cdn.myportfolio.com/fc79503a-6000-4099-bde5-4ff74e4e5ac5/a0075454-8ee1-4f8a-8035-1364c73ef32b_rw_1920.jpg?h=7d14d601ffaa2fd06d7b78aba74d38f1	/Users/aseveryn/projects/kurdiani_ge/content/projects/interior-1/images/06.jpg
https://cdn.myportfolio.com/fc79503a-6000-4099-bde5-4ff74e4e5ac5/91e552d2-9882-4c0d-b096-1e7157ee2026_rw_1920.jpg?h=dc03642b351d20960f861754163b1594	/Users/aseveryn/projects/kurdiani_ge/content/projects/interior-1/images/07.jpg
https://cdn.myportfolio.com/fc79503a-6000-4099-bde5-4ff74e4e5ac5/6d8ea521-7b84-4f04-8a55-d79c314df683_rw_1920.jpg?h=6acad121c47c9936d1f67c8bf7d5d7d0	/Users/aseveryn/projects/kurdiani_ge/content/projects/interior-1/images/08.jpg
https://cdn.myportfolio.com/fc79503a-6000-4099-bde5-4ff74e4e5ac5/ce147bae-2921-4d3f-bacf-88e9070ef61b_rw_1920.jpg?h=fa11222cae4dc0bc160a3232b3cb7738	/Users/aseveryn/projects/kurdiani_ge/content/projects/interior-1/images/09.jpg
https://cdn.myportfolio.com/fc79503a-6000-4099-bde5-4ff74e4e5ac5/26779deb-d429-469e-b3fc-9a2019caf02d_rw_1920.jpg?h=9c407248392657bde112150e583d50fe	/Users/aseveryn/projects/kurdiani_ge/content/projects/interior-1/images/10.jpg
https://cdn.myportfolio.com/fc79503a-6000-4099-bde5-4ff74e4e5ac5/e28e73fa-2483-4ff3-b5b8-bd426840e1d9_rw_1920.jpg?h=0561947bed3330e1dd1cb485d45c8920	/Users/aseveryn/projects/kurdiani_ge/content/projects/interior-1/images/11.jpg
https://cdn.myportfolio.com/fc79503a-6000-4099-bde5-4ff74e4e5ac5/4df41a89-bbda-4f8e-acc7-7b4ac9e3cf78_rw_1920.jpg?h=d7a3f081ef124c9f37b981c57fa12671	/Users/aseveryn/projects/kurdiani_ge/content/projects/interior-1/images/12.jpg
https://cdn.myportfolio.com/fc79503a-6000-4099-bde5-4ff74e4e5ac5/8f9d1a9c-3de6-4acb-be32-7f958e39edba_rw_1920.jpg?h=e3da2a6c6909df733dd863734dc4ac89	/Users/aseveryn/projects/kurdiani_ge/content/projects/interior-1/images/13.jpg
https://cdn.myportfolio.com/fc79503a-6000-4099-bde5-4ff74e4e5ac5/e126851f-1647-46dd-9803-87b328ed7353_carw_202x158x1280.jpg?h=17ff8b61c0edcc48975f66f0ebd04ea6	/Users/aseveryn/projects/kurdiani_ge/content/projects/interior-1/cover.jpg
https://cdn.myportfolio.com/fc79503a-6000-4099-bde5-4ff74e4e5ac5/c595d6b5-5686-4852-883a-6544a43fce36_rw_1920.JPG?h=a936e59811ed200b8b6636684bd713af	/Users/aseveryn/projects/kurdiani_ge/content/projects/center-of-allergy-immunology-tbilisi-georgia/images/01.jpg
https://cdn.myportfolio.com/fc79503a-6000-4099-bde5-4ff74e4e5ac5/9c569509-c21c-4561-b0b0-41771a0bd484_rw_1920.JPG?h=afa1789332180df6dd2147ce50411219	/Users/aseveryn/projects/kurdiani_ge/content/projects/center-of-allergy-immunology-tbilisi-georgia/images/02.jpg
https://cdn.myportfolio.com/fc79503a-6000-4099-bde5-4ff74e4e5ac5/5090ad9f-1fd7-4e93-a28b-7bf4803938e9_rw_1920.JPG?h=5bc7c94a5ff771bbe2d3d06197a9d59e	/Users/aseveryn/projects/kurdiani_ge/content/projects/center-of-allergy-immunology-tbilisi-georgia/images/03.jpg
https://cdn.myportfolio.com/fc79503a-6000-4099-bde5-4ff74e4e5ac5/9cb51c64-3ca8-4fcd-94c5-dd45c35f043f_rw_1920.JPG?h=88d25fa9d25b5473fc56d69588bb7f55	/Users/aseveryn/projects/kurdiani_ge/content/projects/center-of-allergy-immunology-tbilisi-georgia/images/04.jpg
https://cdn.myportfolio.com/fc79503a-6000-4099-bde5-4ff74e4e5ac5/fd5089ea-c3b8-45dc-9955-0013f113195f_rw_1920.JPG?h=9fbd13c957cdc7b022ec00716a38ee75	/Users/aseveryn/projects/kurdiani_ge/content/projects/center-of-allergy-immunology-tbilisi-georgia/images/05.jpg
https://cdn.myportfolio.com/fc79503a-6000-4099-bde5-4ff74e4e5ac5/ce45c65b-6cf6-4a40-a26e-bde5edda2562_rw_1920.JPG?h=823e37b29c0f737db287d8cb91c23d97	/Users/aseveryn/projects/kurdiani_ge/content/projects/center-of-allergy-immunology-tbilisi-georgia/images/06.jpg
https://cdn.myportfolio.com/fc79503a-6000-4099-bde5-4ff74e4e5ac5/2731d372-93f3-4b57-bc2e-5483192497d5_rw_1920.JPG?h=05e8a934265642bf8324f575d9d83b1d	/Users/aseveryn/projects/kurdiani_ge/content/projects/center-of-allergy-immunology-tbilisi-georgia/images/07.jpg
https://cdn.myportfolio.com/fc79503a-6000-4099-bde5-4ff74e4e5ac5/1bca8aff-c3d3-442f-9513-8b8b30895f02_rw_1920.JPG?h=fb85cc620958bd017cbf9deae83465e3	/Users/aseveryn/projects/kurdiani_ge/content/projects/center-of-allergy-immunology-tbilisi-georgia/images/08.jpg
https://cdn.myportfolio.com/fc79503a-6000-4099-bde5-4ff74e4e5ac5/4f8fc4c0-a2aa-4464-aceb-f8c1016ff9ae_rw_1920.JPG?h=1b89a3521c0f52eedb927e3ca13528e7	/Users/aseveryn/projects/kurdiani_ge/content/projects/center-of-allergy-immunology-tbilisi-georgia/images/09.jpg
https://cdn.myportfolio.com/fc79503a-6000-4099-bde5-4ff74e4e5ac5/077f6221-313e-466f-8692-784e99c59cf1_rw_1920.JPG?h=9709d06119728e0592e453fa4c95dafa	/Users/aseveryn/projects/kurdiani_ge/content/projects/center-of-allergy-immunology-tbilisi-georgia/images/10.jpg
https://cdn.myportfolio.com/fc79503a-6000-4099-bde5-4ff74e4e5ac5/d6cf8dd2-c2c9-4369-b4dc-1e4eba5088cb_carw_202x158x1280.JPG?h=baf3e06cfaa7d1330c9f40e3af98a411	/Users/aseveryn/projects/kurdiani_ge/content/projects/center-of-allergy-immunology-tbilisi-georgia/cover.jpg
https://cdn.myportfolio.com/fc79503a-6000-4099-bde5-4ff74e4e5ac5/31654a01-39d0-45cd-9d6d-c73ea8872fec_rw_1200.jpg?h=34e006d9027ed607744fd7667ae54454	/Users/aseveryn/projects/kurdiani_ge/content/projects/villa-in-tsavkisi-georgia/images/01.jpg
https://cdn.myportfolio.com/fc79503a-6000-4099-bde5-4ff74e4e5ac5/32f1cc96-bd39-4ecb-9a00-e509f70ace2a_rw_1200.jpg?h=108c6fe525fc322e28492c377da801f7	/Users/aseveryn/projects/kurdiani_ge/content/projects/villa-in-tsavkisi-georgia/images/02.jpg
https://cdn.myportfolio.com/fc79503a-6000-4099-bde5-4ff74e4e5ac5/b81aa7dd-5d11-437b-848b-a94e83d7bf45_rw_1200.jpg?h=10595bdf9f368b51df121606274b1487	/Users/aseveryn/projects/kurdiani_ge/content/projects/villa-in-tsavkisi-georgia/images/03.jpg
https://cdn.myportfolio.com/fc79503a-6000-4099-bde5-4ff74e4e5ac5/ee325b5e-04c6-4bf6-8b37-54fc23fcc909_rw_1200.jpg?h=86c526d8d0c2d3c32ad481ca16951cea	/Users/aseveryn/projects/kurdiani_ge/content/projects/villa-in-tsavkisi-georgia/images/04.jpg
https://cdn.myportfolio.com/fc79503a-6000-4099-bde5-4ff74e4e5ac5/96044a2f-44da-4e65-b336-f55336f9f2b3_rw_1200.jpg?h=99bb2fe5b0169c3793f89b2413b5ab67	/Users/aseveryn/projects/kurdiani_ge/content/projects/villa-in-tsavkisi-georgia/images/05.jpg
https://cdn.myportfolio.com/fc79503a-6000-4099-bde5-4ff74e4e5ac5/9c124b68-c731-466f-a634-b20fcd2fc221_rw_1200.jpg?h=cd2b3694e2fe6b33688fbcd2b3027bfa	/Users/aseveryn/projects/kurdiani_ge/content/projects/villa-in-tsavkisi-georgia/images/06.jpg
https://cdn.myportfolio.com/fc79503a-6000-4099-bde5-4ff74e4e5ac5/2d0a21e0-d704-47e0-bcd9-dd7e5c8f0a3e_rw_1200.jpg?h=287ad81f7e073c44bd3efd61238a82aa	/Users/aseveryn/projects/kurdiani_ge/content/projects/villa-in-tsavkisi-georgia/images/07.jpg
https://cdn.myportfolio.com/fc79503a-6000-4099-bde5-4ff74e4e5ac5/c6879f33-3108-40af-8b24-bf0f367fa799_rw_1200.jpg?h=3568de3c2c2ba0ca029414c5e8961813	/Users/aseveryn/projects/kurdiani_ge/content/projects/villa-in-tsavkisi-georgia/images/08.jpg
https://cdn.myportfolio.com/fc79503a-6000-4099-bde5-4ff74e4e5ac5/51497db0-ba66-4499-8356-2d8c388fe9c2_rw_1200.jpg?h=a1de4a55163b1a72e4328a4f96a4bfb4	/Users/aseveryn/projects/kurdiani_ge/content/projects/villa-in-tsavkisi-georgia/images/09.jpg
https://cdn.myportfolio.com/fc79503a-6000-4099-bde5-4ff74e4e5ac5/c0e24ee6-c22d-4272-8225-322d790b283a_rw_1200.jpg?h=ccbb731ef7ff01b3d94135a7a7f2a464	/Users/aseveryn/projects/kurdiani_ge/content/projects/villa-in-tsavkisi-georgia/images/10.jpg
https://cdn.myportfolio.com/fc79503a-6000-4099-bde5-4ff74e4e5ac5/72414a7e-63a0-44cc-8f41-57f33f6555c2_rw_1200.jpg?h=f77aea8c4b5af06438a32ab73b976124	/Users/aseveryn/projects/kurdiani_ge/content/projects/villa-in-tsavkisi-georgia/images/11.jpg
https://cdn.myportfolio.com/fc79503a-6000-4099-bde5-4ff74e4e5ac5/251d594c-aec5-4bfa-9540-cb30cc56003b_rw_1200.jpg?h=0d18c19858c4803e315c5421d5899c05	/Users/aseveryn/projects/kurdiani_ge/content/projects/villa-in-tsavkisi-georgia/images/12.jpg
https://cdn.myportfolio.com/fc79503a-6000-4099-bde5-4ff74e4e5ac5/1fc88ba0-717c-482a-a082-72e92d5c5bcd_rw_1200.jpg?h=ef01db7beba1fbb0e9be7580c92f520f	/Users/aseveryn/projects/kurdiani_ge/content/projects/villa-in-tsavkisi-georgia/images/13.jpg
https://cdn.myportfolio.com/fc79503a-6000-4099-bde5-4ff74e4e5ac5/c87b83dd-fed3-45e0-a887-83d72d976840_rw_1200.jpg?h=e88b340592a57c4912f1c7ed92f1ef1c	/Users/aseveryn/projects/kurdiani_ge/content/projects/villa-in-tsavkisi-georgia/images/14.jpg
https://cdn.myportfolio.com/fc79503a-6000-4099-bde5-4ff74e4e5ac5/b45407c1-46e7-4433-8b30-e71e61c42e0f_rw_1200.jpg?h=bf0a55b75d981530227babf4ef14fa85	/Users/aseveryn/projects/kurdiani_ge/content/projects/villa-in-tsavkisi-georgia/images/15.jpg
https://cdn.myportfolio.com/fc79503a-6000-4099-bde5-4ff74e4e5ac5/07d60dc1-bbd5-45b7-b313-a75455d704b3_rw_1200.jpg?h=362dc43d9c8ba69a02fb7ffc2b3853e9	/Users/aseveryn/projects/kurdiani_ge/content/projects/villa-in-tsavkisi-georgia/images/16.jpg
https://cdn.myportfolio.com/fc79503a-6000-4099-bde5-4ff74e4e5ac5/a67158d9-cee5-4bd4-a0a9-ac0558422aa5_rw_1200.jpg?h=b96f3c9440bdbc7f2cb89acb2dacb34d	/Users/aseveryn/projects/kurdiani_ge/content/projects/villa-in-tsavkisi-georgia/images/17.jpg
https://cdn.myportfolio.com/fc79503a-6000-4099-bde5-4ff74e4e5ac5/189c7320-9658-46ee-8fe9-285d1e8a1991_rw_1200.jpg?h=fac92ce1e482336af56f48b9d0aa7473	/Users/aseveryn/projects/kurdiani_ge/content/projects/villa-in-tsavkisi-georgia/images/18.jpg
https://cdn.myportfolio.com/fc79503a-6000-4099-bde5-4ff74e4e5ac5/0d5cc517-c97e-4cdd-a8c8-4687ee6ebc03_rw_1200.jpg?h=5393800030c4b2d6321d1cb2fa6e9542	/Users/aseveryn/projects/kurdiani_ge/content/projects/villa-in-tsavkisi-georgia/images/19.jpg
https://cdn.myportfolio.com/fc79503a-6000-4099-bde5-4ff74e4e5ac5/fd8fd561-3252-4eb9-88c5-107ec10c367b_rw_1200.jpg?h=f9179074ccfb59af0e2dd523f82cff59	/Users/aseveryn/projects/kurdiani_ge/content/projects/villa-in-tsavkisi-georgia/images/20.jpg
https://cdn.myportfolio.com/fc79503a-6000-4099-bde5-4ff74e4e5ac5/9fd0ec0b-c66d-49fd-8602-1815b8fee213_rw_1200.jpg?h=20b996ec1ac85c6d0f7f77ed664c1e8f	/Users/aseveryn/projects/kurdiani_ge/content/projects/villa-in-tsavkisi-georgia/images/21.jpg
https://cdn.myportfolio.com/fc79503a-6000-4099-bde5-4ff74e4e5ac5/8c79b15b-6386-47e3-bfe7-a1e4a58a70fb_rw_1200.jpg?h=c7479033595f0edf9469cd633f89ce61	/Users/aseveryn/projects/kurdiani_ge/content/projects/villa-in-tsavkisi-georgia/images/22.jpg
https://cdn.myportfolio.com/fc79503a-6000-4099-bde5-4ff74e4e5ac5/9e77d304-cbbc-43de-a4ff-0b0a5a985209_rw_1200.jpg?h=82e036370899c7e4906270dfff2fe90a	/Users/aseveryn/projects/kurdiani_ge/content/projects/villa-in-tsavkisi-georgia/images/23.jpg
https://cdn.myportfolio.com/fc79503a-6000-4099-bde5-4ff74e4e5ac5/fffa8666-4327-4299-8a53-dbe10abf2c44_rw_1200.jpg?h=17c9687b496969557f0a25255d13b649	/Users/aseveryn/projects/kurdiani_ge/content/projects/villa-in-tsavkisi-georgia/images/24.jpg
https://cdn.myportfolio.com/fc79503a-6000-4099-bde5-4ff74e4e5ac5/db9157cf-9725-4a37-9bdd-7679e69f1f45_rw_1200.jpg?h=e63b85be229d642ce1fd895a7fa61878	/Users/aseveryn/projects/kurdiani_ge/content/projects/villa-in-tsavkisi-georgia/images/25.jpg
https://cdn.myportfolio.com/fc79503a-6000-4099-bde5-4ff74e4e5ac5/903b6a34-4004-4a23-892c-0ee3bcad012b_rw_1920.jpg?h=af7e92fc445d893e27b3eda7f89d7094	/Users/aseveryn/projects/kurdiani_ge/content/projects/villa-in-tsavkisi-georgia/images/26.jpg
https://cdn.myportfolio.com/fc79503a-6000-4099-bde5-4ff74e4e5ac5/af75c47d-fbd4-4151-8e92-b166f2b0f70b_carw_202x158x1280.jpg?h=38be35a9c1823ad21f88af6401afaed0	/Users/aseveryn/projects/kurdiani_ge/content/projects/villa-in-tsavkisi-georgia/cover.jpg
https://cdn.myportfolio.com/fc79503a-6000-4099-bde5-4ff74e4e5ac5/3414c664-dfa9-4c26-8947-95288a2d32fa_rw_1920.JPG?h=3f0659b91131faa461557ab5877e22e2	/Users/aseveryn/projects/kurdiani_ge/content/projects/cgc-office-renovation/images/01.jpg
https://cdn.myportfolio.com/fc79503a-6000-4099-bde5-4ff74e4e5ac5/6950b56a-b91a-4957-a964-eb2b9f5c7bda_rw_1920.JPG?h=d27f0fccf7bdb9fb70b79696ecbcef1b	/Users/aseveryn/projects/kurdiani_ge/content/projects/cgc-office-renovation/images/02.jpg
https://cdn.myportfolio.com/fc79503a-6000-4099-bde5-4ff74e4e5ac5/0ba77b43-1609-43b8-888c-c7c5c57c26a9_rw_1920.JPG?h=6a6ede81719a8b3f3cd8dfdf1fcb10a7	/Users/aseveryn/projects/kurdiani_ge/content/projects/cgc-office-renovation/images/03.jpg
https://cdn.myportfolio.com/fc79503a-6000-4099-bde5-4ff74e4e5ac5/d232f4fb-f0b6-4ae9-ab78-181164da59da_rw_1920.JPG?h=61752dd8e764bf86382e3a85e1db3714	/Users/aseveryn/projects/kurdiani_ge/content/projects/cgc-office-renovation/images/04.jpg
https://cdn.myportfolio.com/fc79503a-6000-4099-bde5-4ff74e4e5ac5/e64b8b11-aecd-41e6-afb2-71fbf78f3209_rw_1920.JPG?h=76840e435a8b3ac63c4a47af1c870ac9	/Users/aseveryn/projects/kurdiani_ge/content/projects/cgc-office-renovation/images/05.jpg
https://cdn.myportfolio.com/fc79503a-6000-4099-bde5-4ff74e4e5ac5/a75439fd-1aee-4269-b6b5-777e7d1214cf_rwc_0x0x3683x2880x1280.jpg?h=697c51d87e7c27dfab03546eb00c9063	/Users/aseveryn/projects/kurdiani_ge/content/projects/cgc-office-renovation/cover.jpg
https://cdn.myportfolio.com/fc79503a-6000-4099-bde5-4ff74e4e5ac5/fbe89969-bc99-4737-bd0d-56bd31fe71e2_rw_1200.png?h=031fe8b2e1e5f543896fa076e58187b6	/Users/aseveryn/projects/kurdiani_ge/content/projects/condominium-1/images/01.png
https://cdn.myportfolio.com/fc79503a-6000-4099-bde5-4ff74e4e5ac5/9592e6cb-5d9a-426f-98c2-10ddf4248db4_rw_1920.jpg?h=7da8b3e2907904fd64e1ee4fda6990ff	/Users/aseveryn/projects/kurdiani_ge/content/projects/condominium-1/images/02.jpg
https://cdn.myportfolio.com/fc79503a-6000-4099-bde5-4ff74e4e5ac5/a7e5fd58-f267-4ee0-93eb-d9fefbac3e06_rw_1200.png?h=a713a284557c8d872799955aaf730066	/Users/aseveryn/projects/kurdiani_ge/content/projects/condominium-1/images/03.png
https://cdn.myportfolio.com/fc79503a-6000-4099-bde5-4ff74e4e5ac5/db1da94a-75a0-4f60-9e29-a5789e72d085_rw_1920.jpg?h=03431d519dd20908467de31ae41dd0de	/Users/aseveryn/projects/kurdiani_ge/content/projects/condominium-1/images/04.jpg
https://cdn.myportfolio.com/fc79503a-6000-4099-bde5-4ff74e4e5ac5/d37834af-6658-4cb8-9179-0747bd83147e_rw_1920.jpg?h=c0288c446c3a811f8fbc257d722384ab	/Users/aseveryn/projects/kurdiani_ge/content/projects/condominium-1/images/05.jpg
https://cdn.myportfolio.com/fc79503a-6000-4099-bde5-4ff74e4e5ac5/2f56d56d-8eea-4aaa-8d4f-8ecc46f9f308_rw_1920.jpg?h=a12d61d220f45b6915c0d909c4eca080	/Users/aseveryn/projects/kurdiani_ge/content/projects/condominium-1/images/06.jpg
https://cdn.myportfolio.com/fc79503a-6000-4099-bde5-4ff74e4e5ac5/473dc5af-6ea7-42e2-9764-50a2ca987cd5_rw_1920.JPG?h=beceb9cef6bfad017c8203cb81bb0b63	/Users/aseveryn/projects/kurdiani_ge/content/projects/condominium-1/images/07.jpg
https://cdn.myportfolio.com/fc79503a-6000-4099-bde5-4ff74e4e5ac5/2527b8a7-9c67-49e5-9e08-2644b6a4c6fe_rwc_0x689x1920x1501x1280.jpg?h=87d18c9f9c1842b58cd224b741aa40eb	/Users/aseveryn/projects/kurdiani_ge/content/projects/condominium-1/cover.jpg
https://cdn.myportfolio.com/fc79503a-6000-4099-bde5-4ff74e4e5ac5/0ee94d43-0c36-47ff-a0a1-b99efcb9d0b6_rw_1920.jpg?h=10ba4b7710601326b543869026e9da27	/Users/aseveryn/projects/kurdiani_ge/content/projects/restaurant-in-dusheti-georgia/images/01.jpg
https://cdn.myportfolio.com/fc79503a-6000-4099-bde5-4ff74e4e5ac5/bc3e81d3-181c-4a66-8bdf-d0067b318ad8_rw_1920.jpg?h=9a51810293b01317c2db2ace1ad14cbf	/Users/aseveryn/projects/kurdiani_ge/content/projects/restaurant-in-dusheti-georgia/images/02.jpg
https://cdn.myportfolio.com/fc79503a-6000-4099-bde5-4ff74e4e5ac5/3aa6109b-4037-4f54-930e-d8a1a6dac4eb_rw_1920.jpg?h=1f616722f28b2b6afe892bd96ed5119f	/Users/aseveryn/projects/kurdiani_ge/content/projects/restaurant-in-dusheti-georgia/images/03.jpg
https://cdn.myportfolio.com/fc79503a-6000-4099-bde5-4ff74e4e5ac5/894f5f2d-ff7e-40e6-a645-71d2e557ae5a_rw_1920.jpg?h=3fb7439cc3677f447ab3f9824361b87c	/Users/aseveryn/projects/kurdiani_ge/content/projects/restaurant-in-dusheti-georgia/images/04.jpg
https://cdn.myportfolio.com/fc79503a-6000-4099-bde5-4ff74e4e5ac5/3215d7e6-1d3c-4b95-b07b-3e16338b1967_rw_1920.jpg?h=3ea02615135a4a94a6022c650e3008ff	/Users/aseveryn/projects/kurdiani_ge/content/projects/restaurant-in-dusheti-georgia/images/05.jpg
https://cdn.myportfolio.com/fc79503a-6000-4099-bde5-4ff74e4e5ac5/38b285f3-022c-42a8-94aa-0097a32371f2_rw_1920.jpg?h=cdffbe8be7703586bd29ab609f5c057a	/Users/aseveryn/projects/kurdiani_ge/content/projects/restaurant-in-dusheti-georgia/images/06.jpg
https://cdn.myportfolio.com/fc79503a-6000-4099-bde5-4ff74e4e5ac5/452b9977-8cb0-4077-a57c-cb1e86458bd7_rw_1920.jpg?h=4e0488eb2c32ae9bc9536f5b6bd796a8	/Users/aseveryn/projects/kurdiani_ge/content/projects/restaurant-in-dusheti-georgia/images/07.jpg
https://cdn.myportfolio.com/fc79503a-6000-4099-bde5-4ff74e4e5ac5/90df3b02-9fb7-480c-a4c6-0cb20210ee59_rw_1920.jpg?h=fc8744729835e8f29ca93d22c6cc9eeb	/Users/aseveryn/projects/kurdiani_ge/content/projects/restaurant-in-dusheti-georgia/images/08.jpg
https://cdn.myportfolio.com/fc79503a-6000-4099-bde5-4ff74e4e5ac5/43bc5317-43c0-4109-ab91-ac72389b74f2_rw_1920.jpg?h=dbaa81d9af85f8a70336ce335446d2e9	/Users/aseveryn/projects/kurdiani_ge/content/projects/restaurant-in-dusheti-georgia/images/09.jpg
https://cdn.myportfolio.com/fc79503a-6000-4099-bde5-4ff74e4e5ac5/022df57e-9e66-4519-8b6a-e2f34a344813_rw_1920.jpg?h=d73a78667c3442d096f7de2e27c58476	/Users/aseveryn/projects/kurdiani_ge/content/projects/restaurant-in-dusheti-georgia/images/10.jpg
https://cdn.myportfolio.com/fc79503a-6000-4099-bde5-4ff74e4e5ac5/5863289b-fef8-42ae-a464-9d4a2dda8bcd_rw_1920.jpg?h=c82e16d82cbf72f167964d0719f5d310	/Users/aseveryn/projects/kurdiani_ge/content/projects/restaurant-in-dusheti-georgia/images/11.jpg
https://cdn.myportfolio.com/fc79503a-6000-4099-bde5-4ff74e4e5ac5/769df83b-dc52-4028-b931-c888a7282625_carw_202x158x1280.jpg?h=0e8bab0a1ab785cf0713c75b10dd6cb6	/Users/aseveryn/projects/kurdiani_ge/content/projects/restaurant-in-dusheti-georgia/cover.jpg
https://cdn.myportfolio.com/fc79503a-6000-4099-bde5-4ff74e4e5ac5/6cf49ea9-6208-47f0-97de-a081df80e5fb_rw_1200.jpg?h=507c5c9fb6fc840d490b838953274b16	/Users/aseveryn/projects/kurdiani_ge/content/projects/old-house-reconstruction/images/01.jpg
https://cdn.myportfolio.com/fc79503a-6000-4099-bde5-4ff74e4e5ac5/bbc7878a-881e-4e32-91fe-c470783bb538_rw_1200.JPG?h=dc36abbe9725c2c13089e26e9ae121f7	/Users/aseveryn/projects/kurdiani_ge/content/projects/old-house-reconstruction/images/02.jpg
https://cdn.myportfolio.com/fc79503a-6000-4099-bde5-4ff74e4e5ac5/bbb3e535-edde-46a8-a27b-e73ead6498ac_rw_1200.jpg?h=f4446234f3ca8b7e9f1a8ad04350204e	/Users/aseveryn/projects/kurdiani_ge/content/projects/old-house-reconstruction/images/03.jpg
https://cdn.myportfolio.com/fc79503a-6000-4099-bde5-4ff74e4e5ac5/59fe0fab-4784-472d-92bf-c2092adc05af_rw_1200.jpg?h=07e37df5c8996a46a89d6c0e78cc02f0	/Users/aseveryn/projects/kurdiani_ge/content/projects/old-house-reconstruction/images/04.jpg
https://cdn.myportfolio.com/fc79503a-6000-4099-bde5-4ff74e4e5ac5/379c8771-db37-4115-b3f3-63fbe470d708_rw_1200.jpg?h=90dc50a578f6e8ae2b2eb29d5df7f2b0	/Users/aseveryn/projects/kurdiani_ge/content/projects/old-house-reconstruction/images/05.jpg
https://cdn.myportfolio.com/fc79503a-6000-4099-bde5-4ff74e4e5ac5/f3f27d58-8062-48d4-9661-cde4555c67bf_rw_1200.JPG?h=3cdcfd0ec2d38f78a81b5dad10d75bb3	/Users/aseveryn/projects/kurdiani_ge/content/projects/old-house-reconstruction/images/06.jpg
https://cdn.myportfolio.com/fc79503a-6000-4099-bde5-4ff74e4e5ac5/990caee2-5688-4a36-8b5d-1b43196c591a_rw_1200.jpg?h=66d5423f5d54ad72f346ed9f6f746d14	/Users/aseveryn/projects/kurdiani_ge/content/projects/old-house-reconstruction/images/07.jpg
https://cdn.myportfolio.com/fc79503a-6000-4099-bde5-4ff74e4e5ac5/3ac2d8c9-73b9-49d8-8b54-2ce010afe6e3_rwc_58x0x681x533x681.jpg?h=5630e30d93978746c3600a8ca987924f	/Users/aseveryn/projects/kurdiani_ge/content/projects/old-house-reconstruction/cover.jpg
https://cdn.myportfolio.com/fc79503a-6000-4099-bde5-4ff74e4e5ac5/297d10ee-e455-4517-84e5-59f680c2bcc6_rw_1920.JPG?h=e6df5baabd9b7d5ead1dd8a9d0968cb4	/Users/aseveryn/projects/kurdiani_ge/content/projects/interior/images/01.jpg
https://cdn.myportfolio.com/fc79503a-6000-4099-bde5-4ff74e4e5ac5/65f64cb1-7daf-4c6d-a124-b873eb52dbad_rw_1920.JPG?h=ae98ef6a6710754a268b6adb82f6272a	/Users/aseveryn/projects/kurdiani_ge/content/projects/interior/images/02.jpg
https://cdn.myportfolio.com/fc79503a-6000-4099-bde5-4ff74e4e5ac5/ac501745-fa27-4416-9ec7-9768b41d6f76_rw_1920.JPG?h=8e373d6afe491ac08b0e7c17d67cc8e9	/Users/aseveryn/projects/kurdiani_ge/content/projects/interior/images/03.jpg
https://cdn.myportfolio.com/fc79503a-6000-4099-bde5-4ff74e4e5ac5/bbb79ee0-ce69-43cf-8ca4-71d273db042c_rw_1920.JPG?h=0d3741337271171c309f44f2ca078d4c	/Users/aseveryn/projects/kurdiani_ge/content/projects/interior/images/04.jpg
https://cdn.myportfolio.com/fc79503a-6000-4099-bde5-4ff74e4e5ac5/6f03aed3-22c1-4d43-8315-63b03cced0b3_rwc_41x0x1841x1440x1280.jpg?h=0da8e85ad38d73e3773b15edfbb7d878	/Users/aseveryn/projects/kurdiani_ge/content/projects/interior/cover.jpg
https://cdn.myportfolio.com/fc79503a-6000-4099-bde5-4ff74e4e5ac5/adeaad08-dced-4714-9504-10d6ddef3089_rw_1920.JPG?h=4ac284da21c2707c24a7343d6d227bf2	/Users/aseveryn/projects/kurdiani_ge/content/projects/orthodox-curch-project/images/01.jpg
https://cdn.myportfolio.com/fc79503a-6000-4099-bde5-4ff74e4e5ac5/c968e081-6d49-44de-bdfc-f3a2ab41ff01_carw_202x158x1280.JPG?h=2d1e9534668bf24da540def0759ba193	/Users/aseveryn/projects/kurdiani_ge/content/projects/orthodox-curch-project/cover.jpg
